date,code,open,high,low,close,preclose,volume,amount,adjustflag,turnover,tradestatus,pctChg,isST
2023-07-25,sh.600000,6.41874768,6.51708504,6.40980792,6.49920552,6.37404888,31444763,227784692.42,2,0.1071,1,1.9635,0
2023-07-26,sh.600000,6.50814528,6.56178384,6.49026576,6.51708504,6.49920552,22818033,166416269.27,2,0.0777,1,0.2751,0
2023-07-27,sh.600000,6.55284408,6.6154224,6.51708504,6.58860312,6.51708504,26198753,193006451.05,2,0.0893,1,1.0974,0
2023-07-28,sh.600000,6.55284408,6.72269952,6.55284408,6.70482,6.58860312,46528827,347454786.77,2,0.1585,1,1.7639,0
2023-07-31,sh.600000,6.7495188,6.82997664,6.72269952,6.7942176,6.70482,52804227,400087142.64,2,0.1799,1,1.3333,0
2023-08-01,sh.600000,6.77633808,6.82103688,6.74057904,6.7942176,6.7942176,30934266,234625800.22,2,0.1054,1,0.0,0
2023-08-02,sh.600000,6.75845856,6.78527784,6.64224168,6.68694048,6.7942176,42654533,319717234.73,2,0.1453,1,-1.5789,0
2023-08-03,sh.600000,6.72269952,6.77633808,6.65118144,6.75845856,6.68694048,29329503,220449825.24,2,0.0999,1,1.0695,0
2023-08-04,sh.600000,6.78527784,6.8389164,6.74057904,6.77633808,6.75845856,34256817,260297665.13,2,0.1167,1,0.2646,0
2023-08-07,sh.600000,6.76739832,6.76739832,6.69588024,6.72269952,6.77633808,26012874,195449522.26,2,0.0886,1,-0.7916,0
2023-08-08,sh.600000,6.67800072,6.7495188,6.64224168,6.72269952,6.72269952,27001247,202344903.27,2,0.092,1,0.0,0
2023-08-09,sh.600000,6.70482,6.7495188,6.67800072,6.7495188,6.72269952,17792571,133937331.63,2,0.0606,1,0.3989,0
2023-08-10,sh.600000,6.6601212,6.66906096,6.5707236,6.63330192,6.7495188,52865300,391107893.93,2,0.1801,1,-1.7219,0
2023-08-11,sh.600000,6.65118144,6.65118144,6.46344648,6.46344648,6.63330192,37051127,270665760.63,2,0.1262,1,-2.5606,0
2023-08-14,sh.600000,6.41874768,6.4366272,6.3025308,6.3472296,6.46344648,44245535,315007728.13,2,0.1507,1,-1.7981,0
2023-08-15,sh.600000,6.36510912,6.42768744,6.33828984,6.40980792,6.3472296,31218657,222582865.62,2,0.1064,1,0.9859,0
2023-08-16,sh.600000,6.3919284,6.42768744,6.36510912,6.38298864,6.40980792,22953985,163923268.64,2,0.0782,1,-0.4184,0
2023-08-17,sh.600000,6.37404888,6.38298864,6.3025308,6.3472296,6.38298864,37202484,263598981.08,2,0.1267,1,-0.5602,0
2023-08-18,sh.600000,6.3472296,6.40980792,6.32041032,6.32041032,6.3472296,28150555,200372018.68,2,0.0959,1,-0.4225,0
2023-08-21,sh.600000,6.31147056,6.35616936,6.22207296,6.22207296,6.32041032,42517681,298419531.44,2,0.1449,1,-1.5559,0
2023-08-22,sh.600000,6.23995248,6.29359104,6.23101272,6.26677176,6.22207296,32939985,230491370.31,2,0.1122,1,0.7184,0
2023-08-23,sh.600000,6.26677176,6.33828984,6.23995248,6.27571152,6.26677176,30151367,212210300.34,2,0.1027,1,0.1427,0
2023-08-24,sh.600000,6.28465128,6.31147056,6.23995248,6.24889224,6.27571152,24604979,172413193.49,2,0.0838,1,-0.4274,0
2023-08-25,sh.600000,6.24889224,6.33828984,6.23101272,6.3025308,6.24889224,24703830,174021380.63,2,0.0842,1,0.8584,0
2023-08-28,sh.600000,6.5260248,6.54390432,6.36510912,6.3919284,6.3025308,66648091,480922455.87,2,0.2271,1,1.4184,0
2023-08-29,sh.600000,6.4366272,6.4366272,6.28465128,6.32041032,6.3919284,50437460,357554835.41,2,0.1718,1,-1.1189,0
2023-08-30,sh.600000,6.3472296,6.3472296,6.26677176,6.28465128,6.32041032,28718303,202072785.18,2,0.0978,1,-0.5658,0
2023-08-31,sh.600000,6.28465128,6.33828984,6.23995248,6.23995248,6.28465128,32933152,231268204.86,2,0.1122,1,-0.7112,0
2023-09-01,sh.600000,6.24889224,6.29359104,6.24889224,6.26677176,6.23995248,21792955,152752421.82,2,0.0742,1,0.4298,0
2023-09-04,sh.600000,6.31147056,6.38298864,6.28465128,6.35616936,6.26677176,36814307,261369413.48,2,0.1254,1,1.4265,0
2023-09-05,sh.600000,6.3472296,6.36510912,6.28465128,6.29359104,6.35616936,22326770,157581031.86,2,0.0761,1,-0.9845,0
2023-09-06,sh.600000,6.27571152,6.33828984,6.27571152,6.33828984,6.29359104,16736457,118026826.23,2,0.057,1,0.7102,0
2023-09-07,sh.600000,6.33828984,6.3472296,6.27571152,6.29359104,6.33828984,20271873,143062805.76,2,0.0691,1,-0.7052,0
2023-09-08,sh.600000,6.28465128,6.3025308,6.257832,6.257832,6.29359104,18416554,129109493.57,2,0.0627,1,-0.5682,0
2023-09-11,sh.600000,6.27571152,6.33828984,6.257832,6.29359104,6.257832,24884950,175285112.31,2,0.0848,1,0.5714,0
2023-09-12,sh.600000,6.28465128,6.32041032,6.28465128,6.31147056,6.29359104,20976211,147913331.92,2,0.0715,1,0.2841,0
2023-09-13,sh.600000,6.33828984,6.3472296,6.29359104,6.3025308,6.31147056,20049817,141654379.56,2,0.0683,1,-0.1416,0
2023-09-14,sh.600000,6.32935008,6.36510912,6.31147056,6.35616936,6.3025308,35579855,252575927.9,2,0.1212,1,0.8511,0
2023-09-15,sh.600000,6.36510912,6.40086816,6.32041032,6.36510912,6.35616936,34081942,242512745.14,2,0.1161,1,0.1406,0
2023-09-18,sh.600000,6.33828984,6.3472296,6.28465128,6.32041032,6.36510912,22282093,157407866.81,2,0.0759,1,-0.7022,0
2023-09-19,sh.600000,6.32935008,6.37404888,6.3025308,6.37404888,6.32041032,28234575,200455770.63,2,0.0962,1,0.8487,0
2023-09-20,sh.600000,6.36510912,6.3919284,6.32935008,6.37404888,6.37404888,16303047,116256770.93,2,0.0555,1,0.0,0
2023-09-21,sh.600000,6.37404888,6.40980792,6.33828984,6.3472296,6.37404888,27306965,194557948.33,2,0.093,1,-0.4208,0
2023-09-22,sh.600000,6.3472296,6.41874768,6.32041032,6.41874768,6.3472296,32181271,229743638.46,2,0.1096,1,1.1268,0
2023-09-25,sh.600000,6.41874768,6.4366272,6.37404888,6.40086816,6.41874768,30717443,220116848.48,2,0.1047,1,-0.2786,0
2023-09-26,sh.600000,6.40980792,6.42768744,6.36510912,6.3919284,6.40086816,21886050,156520401.91,2,0.0746,1,-0.1397,0
2023-09-27,sh.600000,6.42768744,6.42768744,6.35616936,6.37404888,6.3919284,32067290,229044782.91,2,0.1093,1,-0.2797,0
2023-09-28,sh.600000,6.3919284,6.40980792,6.3472296,6.3472296,6.37404888,22435320,159899371.92,2,0.0764,1,-0.4208,0
2023-10-09,sh.600000,6.32935008,6.32935008,6.257832,6.28465128,6.3472296,27763130,195214392.39,2,0.0946,1,-0.9859,0
2023-10-10,sh.600000,6.37404888,6.38298864,6.26677176,6.26677176,6.28465128,24095561,169856240.67,2,0.0821,1,-0.2845,0
2023-10-11,sh.600000,6.31147056,6.32935008,6.26677176,6.27571152,6.26677176,24057412,169371363.46,2,0.082,1,0.1427,0
2023-10-12,sh.600000,6.33828984,6.40980792,6.31147056,6.38298864,6.27571152,36346964,259223143.18,2,0.1238,1,1.7094,0
2023-10-13,sh.600000,6.35616936,6.3919284,6.32935008,6.3472296,6.38298864,19650410,139771981.93,2,0.0669,1,-0.5602,0
2023-10-16,sh.600000,6.36510912,6.37404888,6.29359104,6.32041032,6.3472296,24907733,176097574.11,2,0.0849,1,-0.4225,0
2023-10-17,sh.600000,6.33828984,6.3472296,6.3025308,6.33828984,6.32041032,19029143,134630097.48,2,0.0648,1,0.2829,0
2023-10-18,sh.600000,6.32041032,6.35616936,6.3025308,6.3025308,6.33828984,21485721,152063023.64,2,0.0732,1,-0.5642,0
2023-10-19,sh.600000,6.29359104,6.3025308,6.10585608,6.11479584,6.3025308,61679771,425956887.36,2,0.2101,1,-2.9787,0
2023-10-20,sh.600000,6.08797656,6.19525368,6.0790368,6.14161512,6.11479584,31067950,213203780.58,2,0.1058,1,0.4386,0
2023-10-23,sh.600000,6.14161512,6.15949464,6.0790368,6.10585608,6.14161512,23824321,163199041.16,2,0.0812,1,-0.5822,0
2023-10-24,sh.600000,6.1237356,6.13267536,6.08797656,6.09691632,6.10585608,28129297,192108544.11,2,0.0958,1,-0.1464,0
2023-10-25,sh.600000,6.13267536,6.19525368,6.10585608,6.19525368,6.09691632,26841192,184734449.61,2,0.0914,1,1.6129,0
2023-10-26,sh.600000,6.19525368,6.27571152,6.15949464,6.22207296,6.19525368,24739484,172369037.77,2,0.0843,1,0.4329,0
2023-10-27,sh.600000,6.22207296,6.27571152,6.20419344,6.24889224,6.22207296,19465758,136008279.63,2,0.0663,1,0.431,0
2023-10-30,sh.600000,6.13267536,6.15949464,6.05221752,6.0790368,6.24889224,52388866,357184227.0,2,0.1785,1,-2.7182,0
2023-10-31,sh.600000,6.07009704,6.11479584,6.06115728,6.09691632,6.0790368,26173217,178254033.89,2,0.0892,1,0.2941,0
2023-11-01,sh.600000,6.10585608,6.15055488,6.0790368,6.13267536,6.09691632,28272210,193451603.11,2,0.0963,1,0.5865,0
2023-11-02,sh.600000,6.1684344,6.2131332,6.13267536,6.20419344,6.13267536,24611088,170407885.62,2,0.0838,1,1.1662,0
2023-11-03,sh.600000,6.20419344,6.2131332,6.15949464,6.15949464,6.20419344,22202536,153480943.05,2,0.0756,1,-0.7205,0
2023-11-06,sh.600000,6.15949464,6.22207296,6.15949464,6.20419344,6.15949464,19432835,134702056.9,2,0.0662,1,0.7257,0
2023-11-07,sh.600000,6.18631392,6.20419344,6.15949464,6.17737416,6.20419344,15913010,110004329.39,2,0.0542,1,-0.4323,0
2023-11-08,sh.600000,6.1684344,6.18631392,6.14161512,6.1684344,6.17737416,17761233,122454641.59,2,0.0605,1,-0.1447,0
2023-11-09,sh.600000,6.1684344,6.22207296,6.15055488,6.19525368,6.1684344,21910350,151983647.33,2,0.0746,1,0.4348,0
2023-11-10,sh.600000,6.17737416,6.22207296,6.13267536,6.15055488,6.19525368,20458993,141085870.4,2,0.0697,1,-0.7215,0
2023-11-13,sh.600000,6.15055488,6.1684344,6.09691632,6.15055488,6.15055488,14168068,97098284.78,2,0.0483,1,0.0,0
2023-11-14,sh.600000,6.14161512,6.17737416,6.14161512,6.15055488,6.15055488,13777480,94936059.64,2,0.0469,1,0.0,0
2023-11-15,sh.600000,6.19525368,6.24889224,6.17737416,6.22207296,6.15055488,24340030,169286980.73,2,0.0829,1,1.1628,0
2023-11-16,sh.600000,6.23101272,6.23995248,6.18631392,6.19525368,6.22207296,14412881,100069369.46,2,0.0491,1,-0.431,0
2023-11-17,sh.600000,6.20419344,6.20419344,6.1237356,6.13267536,6.19525368,20775396,142782027.68,2,0.0708,1,-1.0101,0
2023-11-20,sh.600000,6.15055488,6.18631392,6.10585608,6.17737416,6.13267536,18326582,126204997.11,2,0.0624,1,0.7289,0
2023-11-21,sh.600000,6.20419344,6.257832,6.18631392,6.22207296,6.17737416,29684278,206909185.04,2,0.1011,1,0.7236,0
2023-11-22,sh.600000,6.23101272,6.24889224,6.20419344,6.20419344,6.22207296,17540802,122178498.11,2,0.0598,1,-0.2874,0
2023-11-23,sh.600000,6.19525368,6.22207296,6.15949464,6.19525368,6.20419344,15742059,108872443.58,2,0.0536,1,-0.1441,0
2023-11-24,sh.600000,6.19525368,6.23995248,6.18631392,6.2131332,6.19525368,20165282,140204488.66,2,0.0687,1,0.2886,0
2023-11-27,sh.600000,6.22207296,6.23101272,6.13267536,6.1684344,6.2131332,23107698,159319644.96,2,0.0787,1,-0.7194,0
2023-11-28,sh.600000,6.18631392,6.18631392,6.13267536,6.14161512,6.1684344,18249280,125495682.6,2,0.0622,1,-0.4348,0
2023-11-29,sh.600000,6.15055488,6.15055488,6.0790368,6.09691632,6.14161512,28416567,193955098.34,2,0.0968,1,-0.7278,0
2023-11-30,sh.600000,6.09691632,6.15949464,6.09691632,6.1237356,6.09691632,31711200,217508581.9,2,0.108,1,0.4399,0
2023-12-01,sh.600000,6.1237356,6.1684344,6.09691632,6.1237356,6.1237356,28946191,198723791.1,2,0.0986,1,0.0,0
2023-12-04,sh.600000,6.13267536,6.14161512,6.08797656,6.08797656,6.1237356,18858701,128887073.76,2,0.0642,1,-0.5839,0
2023-12-05,sh.600000,6.09691632,6.09691632,5.98069944,5.99857896,6.08797656,34604936,233696141.36,2,0.1179,1,-1.4684,0
2023-12-06,sh.600000,5.9896392,5.99857896,5.90918136,5.90918136,5.99857896,39833177,264013330.62,2,0.1357,1,-1.4903,0
2023-12-07,sh.600000,5.90918136,5.93600064,5.83766328,5.90918136,5.90918136,30541661,201249908.84,2,0.1041,1,0.0,0
2023-12-08,sh.600000,5.9002416,5.97175968,5.88236208,5.96281992,5.90918136,29519687,196385671.98,2,0.1006,1,0.9077,0
2023-12-11,sh.600000,5.93600064,6.00751872,5.83766328,6.00751872,5.96281992,33616409,222209869.25,2,0.1145,1,0.7496,0
2023-12-12,sh.600000,5.97175968,6.01645848,5.93600064,5.99857896,6.00751872,17003582,113954197.73,2,0.0579,1,-0.1488,0
2023-12-13,sh.600000,5.9896392,6.034338,5.96281992,5.99857896,5.99857896,28683394,192579846.33,2,0.0977,1,0.0,0
2023-12-14,sh.600000,5.9896392,6.00751872,5.92706088,5.93600064,5.99857896,19863107,132441280.68,2,0.0677,1,-1.0432,0
2023-12-15,sh.600000,5.95388016,5.9896392,5.87342232,5.87342232,5.93600064,33702985,223425091.65,2,0.1148,1,-1.0542,0
2023-12-18,sh.600000,5.87342232,5.90918136,5.81978376,5.88236208,5.87342232,27523762,180979296.54,2,0.0938,1,0.1522,0
2023-12-19,sh.600000,5.88236208,5.89130184,5.83766328,5.86448256,5.88236208,18988512,124564888.18,2,0.0647,1,-0.304,0
2023-12-20,sh.600000,5.88236208,5.91812112,5.83766328,5.83766328,5.86448256,19369874,127359291.18,2,0.066,1,-0.4573,0
2023-12-21,sh.600000,5.82872352,5.89130184,5.80190424,5.87342232,5.83766328,28140927,184156559.89,2,0.0959,1,0.6126,0
2023-12-22,sh.600000,5.87342232,5.90918136,5.83766328,5.88236208,5.87342232,23589282,155129803.22,2,0.0804,1,0.1522,0
2023-12-25,sh.600000,5.86448256,5.90918136,5.8555428,5.88236208,5.88236208,12904349,84908527.84,2,0.044,1,0.0,0
2023-12-26,sh.600000,5.87342232,5.9002416,5.84660304,5.86448256,5.88236208,11934542,78321375.74,2,0.0407,1,-0.304,0
2023-12-27,sh.600000,5.86448256,5.90918136,5.81978376,5.9002416,5.86448256,18422704,120867594.46,2,0.0628,1,0.6098,0
2023-12-28,sh.600000,5.9002416,5.98069944,5.89130184,5.97175968,5.9002416,34802733,231691607.7,2,0.1186,1,1.2121,0
2023-12-29,sh.600000,5.95388016,5.9896392,5.90918136,5.91812112,5.97175968,33801429,224306296.9,2,0.1152,1,-0.8982,0
2024-01-02,sh.600000,5.92706088,5.9449404,5.9002416,5.9002416,5.91812112,22066700,146066303.72,2,0.0752,1,-0.3021,0
2024-01-03,sh.600000,5.89130184,5.9449404,5.89130184,5.93600064,5.9002416,18203654,120639706.01,2,0.062,1,0.6061,0
2024-01-04,sh.600000,5.93600064,5.96281992,5.8555428,5.91812112,5.93600064,28885978,190580609.99,2,0.0984,1,-0.3012,0
2024-01-05,sh.600000,5.9002416,6.04327776,5.89130184,5.97175968,5.91812112,44421387,296976885.79,2,0.1513,1,0.9063,0
2024-01-08,sh.600000,5.97175968,5.99857896,5.86448256,5.89130184,5.97175968,37520337,247977824.98,2,0.1278,1,-1.3473,0
2024-01-09,sh.600000,5.9002416,5.93600064,5.84660304,5.90918136,5.89130184,30741897,202647645.73,2,0.1047,1,0.3035,0
2024-01-10,sh.600000,5.90918136,5.92706088,5.87342232,5.87342232,5.90918136,22240946,146695926.3,2,0.0758,1,-0.6051,0
2024-01-11,sh.600000,5.86448256,5.89130184,5.82872352,5.83766328,5.87342232,35914708,235312057.56,2,0.1224,1,-0.6088,0
2024-01-12,sh.600000,5.82872352,5.86448256,5.810844,5.810844,5.83766328,34624053,225743841.46,2,0.118,1,-0.4594,0
2024-01-15,sh.600000,5.810844,5.84660304,5.78402472,5.81978376,5.810844,28694155,186476697.92,2,0.0978,1,0.1538,0
2024-01-16,sh.600000,5.80190424,5.9002416,5.80190424,5.89130184,5.81978376,53186496,348808283.05,2,0.1812,1,1.2289,0
2024-01-17,sh.600000,5.88236208,5.91812112,5.82872352,5.83766328,5.89130184,48249869,316982892.41,2,0.1644,1,-0.9105,0
2024-01-18,sh.600000,5.83766328,5.88236208,5.68568736,5.86448256,5.83766328,73994422,477803910.09,2,0.2521,1,0.4594,0
2024-01-19,sh.600000,5.82872352,5.91812112,5.78402472,5.89130184,5.86448256,57640079,378165074.88,2,0.1964,1,0.4573,0
2024-01-22,sh.600000,5.88236208,5.96281992,5.83766328,5.89130184,5.89130184,67173480,445086464.92,2,0.2289,1,0.0,0
2024-01-23,sh.600000,5.88236208,5.9449404,5.810844,5.91812112,5.89130184,33298531,218923249.13,2,0.1134,1,0.4552,0
2024-01-24,sh.600000,5.93600064,6.01645848,5.9002416,5.99857896,5.91812112,53746498,358343156.55,2,0.1831,1,1.3595,0
2024-01-25,sh.600000,6.01645848,6.0790368,5.9896392,6.05221752,5.99857896,50256871,339203853.25,2,0.1712,1,0.8942,0
2024-01-26,sh.600000,6.06115728,6.17737416,6.034338,6.14161512,6.05221752,70997933,485347720.86,2,0.2419,1,1.4771,0
2024-01-29,sh.600000,6.13267536,6.23101272,6.1237356,6.1684344,6.14161512,55269921,381908899.02,2,0.1883,1,0.4367,0
2024-01-30,sh.600000,6.1684344,6.2131332,6.09691632,6.10585608,6.1684344,40737046,280193765.6,2,0.1388,1,-1.0145,0
2024-01-31,sh.600000,6.08797656,6.15055488,6.02539824,6.10585608,6.10585608,45661999,311141441.37,2,0.1556,1,0.0,0
2024-02-01,sh.600000,6.10585608,6.15055488,6.06115728,6.0790368,6.10585608,44252421,302115559.82,2,0.1508,1,-0.4392,0
2024-02-02,sh.600000,6.09691632,6.18631392,6.00751872,6.11479584,6.0790368,59482913,407459709.56,2,0.2027,1,0.5882,0
2024-02-05,sh.600000,6.11479584,6.18631392,6.04327776,6.15949464,6.11479584,82713695,566786780.1,2,0.2818,1,0.731,0
2024-02-06,sh.600000,6.15949464,6.257832,6.13267536,6.257832,6.15949464,71683218,498307470.73,2,0.2442,1,1.5965,0
2024-02-07,sh.600000,6.27571152,6.28465128,6.1237356,6.20419344,6.257832,83731296,580014440.67,2,0.2853,1,-0.8571,0
2024-02-08,sh.600000,6.2131332,6.23101272,6.09691632,6.22207296,6.20419344,67164744,463209887.72,2,0.2288,1,0.2882,0
2024-02-19,sh.600000,6.23995248,6.37404888,6.2131332,6.36510912,6.22207296,57869788,407648425.03,2,0.1972,1,2.2989,0
2024-02-20,sh.600000,6.37404888,6.3919284,6.31147056,6.3472296,6.36510912,32408954,230505757.0,2,0.1104,1,-0.2809,0
2024-02-21,sh.600000,6.35616936,6.54390432,6.33828984,6.47238624,6.3472296,58809554,426038720.01,2,0.2004,1,1.9718,0
2024-02-22,sh.600000,6.47238624,6.49920552,6.41874768,6.44556696,6.47238624,33665209,242967428.02,2,0.1147,1,-0.4144,0
2024-02-23,sh.600000,6.44556696,6.55284408,6.4366272,6.50814528,6.44556696,37939600,276331223.8,2,0.1293,1,0.9709,0
2024-02-26,sh.600000,6.49026576,6.50814528,6.33828984,6.3472296,6.50814528,42483070,304097863.96,2,0.1447,1,-2.4725,0
2024-02-27,sh.600000,6.32041032,6.3919284,6.31147056,6.38298864,6.3472296,24862246,176742731.7,2,0.0847,1,0.5634,0
2024-02-28,sh.600000,6.36510912,6.40086816,6.32935008,6.3472296,6.38298864,35826714,255229185.7,2,0.1221,1,-0.5602,0
2024-02-29,sh.600000,6.35616936,6.40980792,6.33828984,6.3919284,6.3472296,34288217,244498953.23,2,0.1168,1,0.7042,0
2024-03-01,sh.600000,6.37404888,6.40086816,6.3472296,6.35616936,6.3919284,29431801,209474047.73,2,0.1003,1,-0.5594,0
2024-03-04,sh.600000,6.36510912,6.36510912,6.3025308,6.32041032,6.35616936,27855963,197157049.95,2,0.0949,1,-0.5626,0
2024-03-05,sh.600000,6.3025308,6.41874768,6.29359104,6.40086816,6.32041032,41756232,297676104.18,2,0.1423,1,1.273,0
2024-03-06,sh.600000,6.40980792,6.45450672,6.36510912,6.36510912,6.40086816,25918749,185847810.33,2,0.0883,1,-0.5587,0
2024-03-07,sh.600000,6.36510912,6.4366272,6.35616936,6.38298864,6.36510912,24690348,176664368.68,2,0.0841,1,0.2809,0
2024-03-08,sh.600000,6.36510912,6.40980792,6.35616936,6.36510912,6.38298864,19861794,141724066.3,2,0.0677,1,-0.2801,0
2024-03-11,sh.600000,6.37404888,6.40980792,6.31147056,6.35616936,6.36510912,26195498,185957986.47,2,0.0892,1,-0.1404,0
2024-03-12,sh.600000,6.35616936,6.3919284,6.32935008,6.3472296,6.35616936,29030476,206425806.43,2,0.0989,1,-0.1406,0
2024-03-13,sh.600000,6.36510912,6.36510912,6.28465128,6.29359104,6.3472296,25948461,183084895.29,2,0.0884,1,-0.8451,0
2024-03-14,sh.600000,6.29359104,6.33828984,6.28465128,6.29359104,6.29359104,18703556,131973016.08,2,0.0637,1,0.0,0
2024-03-15,sh.600000,6.29359104,6.33828984,6.28465128,6.33828984,6.29359104,29599544,208970012.26,2,0.1008,1,0.7102,0
2024-03-18,sh.600000,6.31147056,6.37404888,6.31147056,6.33828984,6.33828984,26558472,188382260.48,2,0.0905,1,0.0,0
2024-03-19,sh.600000,6.32935008,6.32935008,6.26677176,6.26677176,6.33828984,22848715,160809197.78,2,0.0778,1,-1.1283,0
2024-03-20,sh.600000,6.26677176,6.31147056,6.23995248,6.28465128,6.26677176,19542993,137292231.62,2,0.0666,1,0.2853,0
2024-03-21,sh.600000,6.31147056,6.37404888,6.28465128,6.3472296,6.28465128,41924870,297257990.39,2,0.1428,1,0.9957,0
2024-03-22,sh.600000,6.32935008,6.36510912,6.22207296,6.29359104,6.3472296,35960453,252638801.75,2,0.1225,1,-0.8451,0
2024-03-25,sh.600000,6.31147056,6.33828984,6.26677176,6.31147056,6.29359104,24439536,172644826.72,2,0.0833,1,0.2841,0
2024-03-26,sh.600000,6.33828984,6.3919284,6.32041032,6.3919284,6.31147056,35111522,250044910.26,2,0.1196,1,1.2748,0
2024-03-27,sh.600000,6.38298864,6.46344648,6.35616936,6.40980792,6.3919284,41943066,301380699.61,2,0.1429,1,0.2797,0
2024-03-28,sh.600000,6.42768744,6.4366272,6.35616936,6.40980792,6.40980792,34535966,246970623.06,2,0.1177,1,0.0,0
2024-03-29,sh.600000,6.37404888,6.42768744,6.35616936,6.37404888,6.40980792,18138885,129562450.79,2,0.0618,1,-0.5579,0
2024-04-01,sh.600000,6.3919284,6.47238624,6.38298864,6.46344648,6.37404888,36028832,259657243.84,2,0.1227,1,1.4025,0
2024-04-02,sh.600000,6.47238624,6.53496456,6.45450672,6.49920552,6.46344648,35095170,255236209.73,2,0.1196,1,0.5533,0
2024-04-03,sh.600000,6.46344648,6.50814528,6.42768744,6.46344648,6.49920552,25254107,182860243.77,2,0.086,1,-0.5502,0
2024-04-08,sh.600000,6.46344648,6.54390432,6.42768744,6.50814528,6.46344648,32764493,238582732.19,2,0.1116,1,0.6916,0
2024-04-09,sh.600000,6.51708504,6.54390432,6.481326,6.49026576,6.50814528,20335543,147972234.27,2,0.0693,1,-0.2747,0
2024-04-10,sh.600000,6.49026576,6.55284408,6.46344648,6.49920552,6.49026576,22436726,163551937.26,2,0.0764,1,0.1377,0
2024-04-11,sh.600000,6.46344648,6.50814528,6.42768744,6.47238624,6.49920552,25364241,183441391.9,2,0.0864,1,-0.4127,0
2024-04-12,sh.600000,6.4366272,6.49026576,6.36510912,6.37404888,6.47238624,32809731,235493709.56,2,0.1118,1,-1.5193,0
2024-04-15,sh.600000,6.36510912,6.5260248,6.36510912,6.5260248,6.37404888,48310304,350007625.51,2,0.1646,1,2.3843,0
2024-04-16,sh.600000,6.481326,6.54390432,6.44556696,6.49026576,6.5260248,40203325,292494125.51,2,0.137,1,-0.5479,0
2024-04-17,sh.600000,6.49026576,6.5707236,6.41874768,6.56178384,6.49026576,43151857,314102077.41,2,0.147,1,1.1019,0
2024-04-18,sh.600000,6.56178384,6.66906096,6.53496456,6.55284408,6.56178384,46822476,345482145.75,2,0.1595,1,-0.1362,0
2024-04-19,sh.600000,6.54390432,6.6154224,6.49026576,6.56178384,6.55284408,38004160,278975860.17,2,0.1295,1,0.1364,0
2024-04-22,sh.600000,6.57966336,6.64224168,6.50814528,6.51708504,6.56178384,32694690,240124243.63,2,0.1114,1,-0.6812,0
2024-04-23,sh.600000,6.54390432,6.6154224,6.481326,6.56178384,6.51708504,44055644,323208600.36,2,0.1501,1,0.6859,0
2024-04-24,sh.600000,6.59754288,6.6154224,6.5260248,6.57966336,6.56178384,24758859,181997245.48,2,0.0844,1,0.2725,0
2024-04-25,sh.600000,6.55284408,6.63330192,6.53496456,6.62436216,6.57966336,24676934,182019255.18,2,0.0841,1,0.6793,0
2024-04-26,sh.600000,6.62436216,6.68694048,6.5707236,6.63330192,6.62436216,45846571,339924206.16,2,0.1562,1,0.135,0
2024-04-29,sh.600000,6.60648264,6.72269952,6.5260248,6.63330192,6.63330192,39317757,292685761.37,2,0.134,1,0.0,0
2024-04-30,sh.600000,6.77633808,7.00877184,6.75845856,6.8836152,6.63330192,105472788,813284484.01,2,0.3593,1,3.7736,0
2024-05-06,sh.600000,6.99089232,7.05347064,6.928314,7.0177116,6.8836152,85937325,673787209.32,2,0.2928,1,1.9481,0
2024-05-07,sh.600000,7.0177116,7.02665136,6.90149472,6.99089232,7.0177116,46269505,360376177.51,2,0.1576,1,-0.3822,0
2024-05-08,sh.600000,6.98195256,7.0177116,6.95513328,6.9730128,6.99089232,30377893,237540800.0,2,0.1035,1,-0.2558,0
2024-05-09,sh.600000,6.9730128,7.0177116,6.93725376,6.9730128,6.9730128,33942090,264867395.7,2,0.1156,1,0.0,0
2024-05-10,sh.600000,6.98195256,7.1071092,6.9730128,7.09816944,6.9730128,52211612,412342284.52,2,0.1779,1,1.7949,0
2024-05-13,sh.600000,7.08922968,7.13392848,7.03559112,7.11604896,7.09816944,40422120,320678360.75,2,0.1377,1,0.2519,0
2024-05-14,sh.600000,7.12498872,7.13392848,7.02665136,7.04453088,7.11604896,39843641,314999430.46,2,0.1357,1,-1.005,0
2024-05-15,sh.600000,7.0624104,7.08922968,7.00877184,7.05347064,7.04453088,31039103,244683418.47,2,0.1057,1,0.1269,0
2024-05-16,sh.600000,7.08028992,7.1965068,7.04453088,7.16968752,7.05347064,60658707,485813395.39,2,0.2067,1,1.6477,0
2024-05-17,sh.600000,7.18756704,7.29484416,7.151808,7.29484416,7.16968752,69438051,561342801.87,2,0.2366,1,1.7456,0
2024-05-20,sh.600000,7.3306032,7.4646996,7.2859044,7.43788032,7.29484416,88144991,731104374.2,2,0.3003,1,1.9608,0
2024-05-21,sh.600000,7.42894056,7.52727792,7.38424176,7.52727792,7.43788032,53146295,445171662.61,2,0.1811,1,1.2019,0
2024-05-22,sh.600000,7.51833816,7.70607312,7.49151888,7.62561528,7.52727792,71173213,605588075.6,2,0.2425,1,1.3064,0
2024-05-23,sh.600000,7.61667552,7.6881936,7.58091648,7.61667552,7.62561528,61212293,522802575.25,2,0.2085,1,-0.1172,0
2024-05-24,sh.600000,7.60773576,7.67925384,7.51833816,7.54515744,7.61667552,60740601,516406884.19,2,0.2069,1,-0.939,0
2024-05-27,sh.600000,7.5540972,7.65243456,7.53621768,7.63455504,7.54515744,52858689,449932564.3,2,0.1801,1,1.1848,0
2024-05-28,sh.600000,7.67031408,7.72395264,7.60773576,7.63455504,7.63455504,40047322,342904480.04,2,0.1364,1,0.0,0
2024-05-29,sh.600000,7.62561528,7.67925384,7.5540972,7.58985624,7.63455504,40802385,347290250.24,2,0.139,1,-0.5855,0
2024-05-30,sh.600000,7.57197672,7.6434948,7.47363936,7.5093984,7.58985624,56701595,479146210.62,2,0.1932,1,-1.0601,0
2024-05-31,sh.600000,7.5540972,7.5540972,7.42894056,7.45575984,7.5093984,53797304,449689001.84,2,0.1833,1,-0.7143,0
2024-06-03,sh.600000,7.4200008,7.44682008,7.32166344,7.40212128,7.45575984,60213694,496075055.52,2,0.2051,1,-0.7194,0
2024-06-04,sh.600000,7.40212128,7.45575984,7.35742248,7.43788032,7.40212128,39800453,330354916.28,2,0.1356,1,0.4831,0
2024-06-05,sh.600000,7.44682008,7.45575984,7.38424176,7.41106104,7.43788032,31295787,259659810.69,2,0.1066,1,-0.3606,0
2024-06-06,sh.600000,7.42894056,7.4646996,7.36636224,7.375302,7.41106104,34149589,283171544.4,2,0.1163,1,-0.4825,0
2024-06-07,sh.600000,7.43788032,7.49151888,7.3306032,7.42894056,7.375302,41451677,344132158.53,2,0.1412,1,0.7273,0
2024-06-11,sh.600000,7.45575984,7.47363936,7.25014536,7.2859044,7.42894056,41132394,337102414.53,2,0.1401,1,-1.9254,0
2024-06-12,sh.600000,7.2859044,7.30378392,7.18756704,7.25014536,7.2859044,38617741,312851350.98,2,0.1316,1,-0.4908,0
2024-06-13,sh.600000,7.2412056,7.3306032,7.23226584,7.26802488,7.25014536,40433704,329399974.32,2,0.1378,1,0.2466,0
2024-06-14,sh.600000,7.2412056,7.31272368,7.14286824,7.27696464,7.26802488,44463016,359834401.63,2,0.1515,1,0.123,0
2024-06-17,sh.600000,7.2859044,7.29484416,7.17862728,7.2412056,7.27696464,36278423,293415747.96,2,0.1236,1,-0.4914,0
2024-06-18,sh.600000,7.2412056,7.2859044,7.16968752,7.23226584,7.2412056,32876191,265920570.93,2,0.112,1,-0.1235,0
2024-06-19,sh.600000,7.2412056,7.38424176,7.23226584,7.34848272,7.23226584,40605109,332732412.3,2,0.1383,1,1.6069,0
2024-06-20,sh.600000,7.31272368,7.38424176,7.2859044,7.3306032,7.34848272,25662317,210632866.08,2,0.0874,1,-0.2433,0
2024-06-21,sh.600000,7.3306032,7.35742248,7.25908512,7.30378392,7.3306032,40011366,327124974.44,2,0.1363,1,-0.3659,0
2024-06-24,sh.600000,7.32166344,7.3306032,7.17862728,7.2859044,7.30378392,37046666,301011768.27,2,0.1262,1,-0.2448,0
2024-06-25,sh.600000,7.31272368,7.375302,7.23226584,7.3306032,7.2859044,39818093,326580575.73,2,0.1357,1,0.6135,0
2024-06-26,sh.600000,7.3306032,7.35742248,7.26802488,7.33954296,7.3306032,33563736,274593634.75,2,0.1143,1,0.122,0
2024-06-27,sh.600000,7.33954296,7.4200008,7.26802488,7.34848272,7.33954296,44561528,366021815.96,2,0.1518,1,0.1218,0
2024-06-28,sh.600000,7.34848272,7.41106104,7.30378392,7.35742248,7.34848272,37799680,311360173.97,2,0.1288,1,0.1217,0
2024-07-01,sh.600000,7.34848272,7.4200008,7.3306032,7.40212128,7.35742248,28732962,237294502.06,2,0.0979,1,0.6075,0
2024-07-02,sh.600000,7.39318152,7.63455504,7.39318152,7.62561528,7.40212128,57345810,485897423.66,2,0.1954,1,3.0193,0
2024-07-03,sh.600000,7.62561528,7.6881936,7.58091648,7.62561528,7.62561528,46409668,396512668.35,2,0.1581,1,0.0,0
2024-07-04,sh.600000,7.67925384,7.71501288,7.58091648,7.598796,7.62561528,44412066,379773335.1,2,0.1513,1,-0.3517,0
2024-07-05,sh.600000,7.63455504,7.6434948,7.41106104,7.45575984,7.598796,51997018,436429580.84,2,0.1771,1,-1.8824,0
2024-07-08,sh.600000,7.45575984,7.58985624,7.38424176,7.53621768,7.45575984,45320796,381472461.18,2,0.1544,1,1.0791,0
2024-07-09,sh.600000,7.57197672,7.74183216,7.51833816,7.72395264,7.53621768,54534187,466546716.69,2,0.1858,1,2.4911,0
2024-07-10,sh.600000,7.72395264,7.79547072,7.6881936,7.76865144,7.72395264,40604560,352263035.89,2,0.1383,1,0.5787,0
2024-07-11,sh.600000,7.78653096,7.80441048,7.65243456,7.6881936,7.76865144,34946181,301339420.56,2,0.1191,1,-1.0357,0
2024-07-12,sh.600000,7.71501288,7.9116876,7.69713336,7.90274784,7.6881936,57267692,503070724.41,2,0.1951,1,2.7907,0
2024-07-15,sh.600000,7.89380808,7.96532616,7.8669888,7.93850688,7.90274784,46191487,409364219.89,2,0.1574,1,0.4525,0
2024-07-16,sh.600000,7.92956712,8.0010852,7.88486832,7.92062736,7.93850688,44680322,397093120.07,2,0.1522,1,-0.2252,0
2024-07-17,sh.600000,7.9563864,8.10836232,7.92062736,8.08154304,7.92062736,88119289,794489955.78,2,0.3002,1,2.0316,0
2024-07-18,sh.600000,8.1093425,8.13714596,7.97959302,8.12787814,8.08153904,66209504,575924982.46,2,0.2256,1,0.5734,0
2024-07-19,sh.600000,8.14641378,8.14641378,7.98886084,8.09080686,8.12787814,61941334,539610902.61,2,0.211,1,-0.4561,0
2024-07-22,sh.600000,8.07227122,8.09080686,7.89618264,7.95178956,8.09080686,63228917,543154122.47,2,0.2154,1,-1.7182,0
2024-07-23,sh.600000,7.98886084,8.05373558,7.96105738,7.96105738,7.95178956,41181512,356167715.47,2,0.1403,1,0.1166,0
2024-07-24,sh.600000,7.97959302,8.04446776,7.91471828,7.9239861,7.96105738,37551729,322441687.49,2,0.1279,1,-0.4657,0
2024-07-25,sh.600000,7.95178956,7.95178956,7.71082624,7.89618264,7.9239861,60156087,508007084.46,2,0.2049,1,-0.3509,0
2024-07-26,sh.600000,7.85911136,7.89618264,7.63668368,7.72009406,7.89618264,49358978,411165379.61,2,0.1682,1,-2.23,0
2024-07-29,sh.600000,7.72009406,7.94252174,7.6922906,7.90545046,7.72009406,46463848,395067012.53,2,0.1583,1,2.401,0
2024-07-30,sh.600000,7.91471828,7.91471828,7.74789752,7.77570098,7.90545046,40584273,341513549.63,2,0.1383,1,-1.6413,0
2024-07-31,sh.600000,7.8313079,7.84057572,7.7386297,7.7849688,7.77570098,43429641,365181480.29,2,0.148,1,0.1192,0
2024-08-01,sh.600000,7.7849688,7.97959302,7.72936188,7.94252174,7.7849688,54560150,464982609.9,2,0.1859,1,2.0238,0
2024-08-02,sh.600000,7.93325392,7.9703252,7.7849688,7.84984354,7.94252174,31361531,266363128.8,2,0.1068,1,-1.1669,0
2024-08-05,sh.600000,7.84984354,7.89618264,7.7386297,7.76643316,7.84984354,41178838,346404332.28,2,0.1403,1,-1.0626,0
2024-08-06,sh.600000,7.81277226,7.8313079,7.59034458,7.63668368,7.76643316,41604073,344150544.58,2,0.1417,1,-1.6706,0
2024-08-07,sh.600000,7.62741586,7.75716534,7.61814804,7.70155842,7.63668368,26542223,220186458.77,2,0.0904,1,0.8495,0
2024-08-08,sh.600000,7.74789752,7.8313079,7.68302278,7.76643316,7.70155842,27669055,231992004.28,2,0.0943,1,0.8424,0
2024-08-09,sh.600000,7.79423662,7.9703252,7.79423662,7.90545046,7.76643316,39120101,334119265.43,2,0.1333,1,1.79,0
2024-08-12,sh.600000,7.88691482,7.99812866,7.86837918,7.95178956,7.90545046,29249959,250903225.1,2,0.0997,1,0.5862,0
2024-08-13,sh.600000,7.93325392,8.03519994,7.91471828,7.96105738,7.95178956,27211550,234443968.65,2,0.0927,1,0.1166,0
2024-08-14,sh.600000,7.99812866,8.0166643,7.91471828,7.94252174,7.96105738,21145686,181445554.7,2,0.072,1,-0.2328,0
2024-08-15,sh.600000,7.88691482,8.1093425,7.88691482,8.10007468,7.94252174,45066216,392033450.45,2,0.1535,1,1.9837,0
2024-08-16,sh.600000,8.10007468,8.21128852,8.0630034,8.2020207,8.10007468,37566933,331065667.31,2,0.128,1,1.2586,0
2024-08-19,sh.600000,8.21128852,8.36884146,8.19275288,8.35957364,8.2020207,58937989,528390433.9,2,0.2008,1,1.9209,0
2024-08-20,sh.600000,8.35030582,8.40591274,8.22982416,8.25762762,8.35957364,50188819,449704844.32,2,0.171,1,-1.2195,0
2024-08-21,sh.600000,8.25762762,8.37810928,8.17421724,8.30396672,8.25762762,43628079,390145316.83,2,0.1486,1,0.5612,0
2024-08-22,sh.600000,8.30396672,8.40591274,8.27616326,8.35030582,8.30396672,36264260,327034942.74,2,0.1235,1,0.558,0
2024-08-23,sh.600000,8.35030582,8.37810928,8.2483598,8.341038,8.35030582,31698749,284739204.52,2,0.108,1,-0.111,0
2024-08-26,sh.600000,8.341038,8.341038,8.18348506,8.22982416,8.341038,51444628,457039668.65,2,0.1753,1,-1.3333,0
2024-08-27,sh.600000,8.22055634,8.28543108,8.17421724,8.22982416,8.22982416,30683375,272898055.66,2,0.1045,1,0.0,0
2024-08-28,sh.600000,8.26689544,8.27616326,8.11861032,8.17421724,8.22982416,32528523,287017717.61,2,0.1108,1,-0.6757,0
2024-08-29,sh.600000,8.17421724,8.18348506,7.90545046,7.9239861,8.17421724,50949648,438959413.74,2,0.1736,1,-3.0612,0
2024-08-30,sh.600000,7.91471828,7.98886084,7.76643316,7.81277226,7.9239861,68354443,579069797.09,2,0.2329,1,-1.4035,0
2024-09-02,sh.600000,7.75716534,7.877647,7.7386297,7.77570098,7.81277226,42178596,355164736.19,2,0.1437,1,-0.4745,0
2024-09-03,sh.600000,7.76643316,7.81277226,7.5996124,7.6459515,7.77570098,41257157,340798501.87,2,0.1406,1,-1.6687,0
2024-09-04,sh.600000,7.68302278,7.75716534,7.62741586,7.71082624,7.6459515,34187190,284531822.39,2,0.1165,1,0.8485,0
2024-09-05,sh.600000,7.76643316,7.79423662,7.62741586,7.71082624,7.71082624,36176713,300240961.23,2,0.1233,1,0.0,0
2024-09-06,sh.600000,7.72009406,7.88691482,7.71082624,7.81277226,7.71082624,32293701,273118541.75,2,0.11,1,1.3221,0
2024-09-09,sh.600000,7.82204008,7.84984354,7.71082624,7.76643316,7.81277226,34290373,287989234.19,2,0.1168,1,-0.5931,0
2024-09-10,sh.600000,7.76643316,7.90545046,7.68302278,7.877647,7.76643316,39694136,333986131.9,2,0.1352,1,1.432,0
2024-09-11,sh.600000,7.85911136,7.86837918,7.60888022,7.6459515,7.877647,29395961,244556166.27,2,0.1001,1,-2.9412,0
2024-09-12,sh.600000,7.60888022,7.86837918,7.59034458,7.84984354,7.6459515,43128108,362723423.36,2,0.1469,1,2.6667,0
2024-09-13,sh.600000,7.877647,7.88691482,7.71082624,7.7386297,7.84984354,28411141,238422068.62,2,0.0968,1,-1.4168,0
2024-09-18,sh.600000,7.7386297,7.8313079,7.65521932,7.71082624,7.7386297,20139428,167778133.39,2,0.0686,1,-0.3593,0
2024-09-19,sh.600000,7.75716534,7.90545046,7.6922906,7.89618264,7.71082624,39163824,330778713.85,2,0.1334,1,2.4038,0
2024-09-20,sh.600000,7.86837918,7.94252174,7.81277226,7.88691482,7.89618264,42872330,364859461.89,2,0.1461,1,-0.1174,0
2024-09-23,sh.600000,7.90545046,8.0166643,7.84057572,7.99812866,7.88691482,30023895,257517875.22,2,0.1023,1,1.4101,0
2024-09-24,sh.600000,8.1093425,8.42444838,8.02593212,8.42444838,7.99812866,89208035,795774265.47,2,0.3039,1,5.3302,0
2024-09-25,sh.600000,8.59126914,8.8507681,8.5727335,8.79516118,8.42444838,119063522,1125665675.41,2,0.4056,1,4.4004,0
2024-09-26,sh.600000,8.804429,9.11953488,8.73955426,9.11953488,8.79516118,89839005,867160021.18,2,0.3061,1,3.6881,0
2024-09-27,sh.600000,9.25855218,9.34196256,8.8971072,9.14733834,9.11953488,57039467,560481160.69,2,0.1943,1,0.3049,0
2024-09-30,sh.600000,9.32342692,9.53658678,9.10099924,9.38830166,9.14733834,188375605,1892937391.66,2,0.6418,1,2.6342,0
2024-10-08,sh.600000,10.08338816,10.21313764,9.4531764,9.731211,9.38830166,192133102,2037070000.57,2,0.6546,1,3.6525,0
2024-10-09,sh.600000,9.731211,9.731211,9.18440962,9.18440962,9.731211,116072715,1183819439.61,2,0.3954,1,-5.619,0
2024-10-10,sh.600000,9.32342692,9.72194318,9.3141591,9.55512242,9.18440962,101639927,1044726818.6,2,0.3463,1,4.0363,0
2024-10-11,sh.600000,9.61072934,9.74974664,9.28635564,9.41610512,9.55512242,58937652,606557617.76,2,0.2008,1,-1.4549,0
2024-10-14,sh.600000,9.55512242,9.76828228,9.4995155,9.6385328,9.41610512,88307795,918408286.46,2,0.3009,1,2.3622,0
2024-10-15,sh.600000,9.6848719,9.75901446,9.4995155,9.4995155,9.6385328,62939733,654527534.49,2,0.2144,1,-1.4423,0
2024-10-16,sh.600000,9.4068373,9.69413972,9.4068373,9.58292588,9.4995155,52614974,545095953.24,2,0.1793,1,0.878,0
2024-10-17,sh.600000,9.58292588,9.71267536,9.47171204,9.47171204,9.58292588,45576672,471133860.4,2,0.1553,1,-1.1605,0
2024-10-18,sh.600000,9.43464076,9.57365806,9.28635564,9.4068373,9.47171204,62206282,633125532.25,2,0.2119,1,-0.6849,0
2024-10-21,sh.600000,9.43464076,9.47171204,9.2214809,9.41610512,9.4068373,64523034,651623310.11,2,0.2198,1,0.0985,0
2024-10-22,sh.600000,9.41610512,9.51805114,9.27708782,9.38830166,9.41610512,42803387,432235690.56,2,0.1458,1,-0.2953,0
2024-10-23,sh.600000,9.37903384,9.4995155,9.3604982,9.43464076,9.38830166,33566174,341483787.08,2,0.1144,1,0.4936,0
2024-10-24,sh.600000,9.37903384,9.4995155,9.37903384,9.39756948,9.43464076,24017341,244345561.68,2,0.0818,1,-0.3929,0
2024-10-25,sh.600000,9.39756948,9.4531764,9.33269474,9.34196256,9.39756948,28419908,287640630.89,2,0.0968,1,-0.5917,0
2024-10-28,sh.600000,9.3604982,9.3604982,9.2214809,9.32342692,9.34196256,31702745,317673595.06,2,0.108,1,-0.1984,0
2024-10-29,sh.600000,9.27708782,9.4068373,9.24001654,9.25855218,9.32342692,34069864,341853848.18,2,0.1161,1,-0.6958,0
2024-10-30,sh.600000,9.25855218,9.37903384,9.18440962,9.21221308,9.25855218,42037416,419434796.57,2,0.1432,1,-0.5005,0
2024-10-31,sh.600000,9.27708782,9.3141591,8.99905322,9.11953488,9.21221308,60021367,589919637.85,2,0.2045,1,-1.006,0
2024-11-01,sh.600000,9.13807052,9.26782,9.05466014,9.21221308,9.11953488,43939258,435757873.34,2,0.1497,1,1.0163,0
2024-11-04,sh.600000,9.24001654,9.26782,9.11953488,9.25855218,9.21221308,33773247,335231218.57,2,0.1151,1,0.503,0
2024-11-05,sh.600000,9.24001654,9.32342692,9.18440962,9.32342692,9.25855218,41474815,414411280.18,2,0.1413,1,0.7007,0
2024-11-06,sh.600000,9.30489128,9.39756948,9.1751418,9.2214809,9.32342692,74208723,740524750.76,2,0.2528,1,-1.0934,0
2024-11-07,sh.600000,9.21221308,9.52731896,9.19367744,9.52731896,9.2214809,64397191,650432795.74,2,0.2194,1,3.3166,0
2024-11-08,sh.600000,9.57365806,9.60146152,9.29562346,9.32342692,9.52731896,53764728,545876292.68,2,0.1832,1,-2.1401,0
2024-11-11,sh.600000,9.1751418,9.37903384,8.95271412,9.00832104,9.32342692,80000294,779227779.97,2,0.2726,1,-3.3797,0
2024-11-12,sh.600000,9.01758886,9.10099924,8.95271412,8.95271412,9.00832104,49682703,483318065.23,2,0.1693,1,-0.6173,0
2024-11-13,sh.600000,8.92491066,9.02685668,8.8971072,8.92491066,8.95271412,43872201,423812435.16,2,0.1495,1,-0.3106,0
2024-11-14,sh.600000,8.90637502,8.99905322,8.86930374,8.9434463,8.92491066,45451896,438914971.64,2,0.1549,1,0.2077,0
2024-11-15,sh.600000,8.90637502,8.9897854,8.804429,8.84150028,8.9434463,48821231,469147894.39,2,0.1663,1,-1.1399,0
2024-11-18,sh.600000,8.9434463,9.3604982,8.93417848,9.11026706,8.84150028,100696552,999828599.13,2,0.3431,1,3.0398,0
2024-11-19,sh.600000,9.1288027,9.3141591,8.96198194,9.07319578,9.11026706,73998208,728900945.54,2,0.2521,1,-0.4069,0
2024-11-20,sh.600000,9.05466014,9.1288027,8.98051758,8.99905322,9.07319578,45465799,442364519.96,2,0.1549,1,-0.8172,0
2024-11-21,sh.600000,8.99905322,9.05466014,8.97124976,9.00832104,8.99905322,29612755,287464178.32,2,0.1009,1,0.103,0
2024-11-22,sh.600000,9.00832104,9.0361245,8.77662554,8.78589336,9.00832104,44359024,425677484.65,2,0.1511,1,-2.4691,0
2024-11-25,sh.600000,8.90637502,8.90637502,8.62834042,8.64687606,8.78589336,60921995,573140419.77,2,0.2076,1,-1.5823,0
2024-11-26,sh.600000,8.63760824,8.64687606,8.54493004,8.62834042,8.64687606,48983389,454616327.47,2,0.1669,1,-0.2144,0
2024-11-27,sh.600000,8.62834042,8.77662554,8.50785876,8.73955426,8.62834042,43007443,401498754.5,2,0.1465,1,1.2889,0
2024-11-28,sh.600000,8.79516118,8.84150028,8.64687606,8.74882208,8.73955426,39154733,370385580.07,2,0.1334,1,0.106,0
2024-11-29,sh.600000,8.82296464,8.90637502,8.73955426,8.76735772,8.74882208,46540742,443290384.71,2,0.1586,1,0.2119,0
2024-12-02,sh.600000,8.7580899,8.804429,8.68394734,8.79516118,8.76735772,46604260,440070881.26,2,0.1588,1,0.3171,0
2024-12-03,sh.600000,8.76735772,8.9434463,8.72101862,8.9434463,8.79516118,41926355,400570470.59,2,0.1428,1,1.686,0
2024-12-04,sh.600000,8.9434463,9.06392796,8.8507681,9.0361245,8.9434463,51193385,496410994.99,2,0.1744,1,1.0363,0
2024-12-05,sh.600000,8.97124976,9.06392796,8.92491066,8.93417848,9.0361245,29173571,282719716.67,2,0.0994,1,-1.1282,0
2024-12-06,sh.600000,8.91564284,9.07319578,8.91564284,8.9897854,8.93417848,40629685,394516284.96,2,0.1384,1,0.6224,0
2024-12-09,sh.600000,8.9434463,9.0361245,8.92491066,8.95271412,8.9897854,32582928,315468553.61,2,0.111,1,-0.4124,0
2024-12-10,sh.600000,9.10099924,9.19367744,8.99905322,9.0824636,8.95271412,58338643,572248613.95,2,0.1988,1,1.4493,0
2024-12-11,sh.600000,9.0824636,9.11953488,8.91564284,8.92491066,9.0824636,48762796,472263000.42,2,0.1661,1,-1.7347,0
2024-12-12,sh.600000,8.9434463,9.10099924,8.88783938,9.10099924,8.92491066,49651526,482603362.16,2,0.1692,1,1.973,0
2024-12-13,sh.600000,9.04539232,9.0824636,8.8971072,8.95271412,9.10099924,67266875,652085646.98,2,0.2292,1,-1.6293,0
2024-12-16,sh.600000,8.91564284,9.0361245,8.91564284,8.93417848,8.95271412,34183618,331030756.31,2,0.1165,1,-0.207,0
2024-12-17,sh.600000,8.9434463,8.9897854,8.804429,8.83223246,8.93417848,41185694,394758764.12,2,0.1403,1,-1.1411,0
2024-12-18,sh.600000,8.86003592,8.97124976,8.81369682,8.84150028,8.83223246,39798741,381602845.05,2,0.1356,1,0.1049,0
2024-12-19,sh.600000,8.81369682,8.86003592,8.73028644,8.83223246,8.84150028,42987772,408829151.42,2,0.1465,1,-0.1048,0
2024-12-20,sh.600000,8.86930374,9.00832104,8.8507681,8.87857156,8.83223246,49298094,473948599.41,2,0.168,1,0.5247,0
2024-12-23,sh.600000,8.92491066,9.34196256,8.8971072,9.20294526,8.87857156,116444693,1156091291.03,2,0.3967,1,3.6534,0
2024-12-24,sh.600000,9.16587398,9.42537294,9.16587398,9.38830166,9.20294526,84438152,851921287.14,2,0.2877,1,2.0141,0
2024-12-25,sh.600000,9.38830166,9.62926498,9.38830166,9.5921937,9.38830166,72739600,749135068.94,2,0.2478,1,2.1718,0
2024-12-26,sh.600000,9.5921937,9.62926498,9.41610512,9.58292588,9.5921937,61152236,628394286.58,2,0.2083,1,-0.0966,0
2024-12-27,sh.600000,9.57365806,9.62926498,9.37903384,9.60146152,9.58292588,69506374,714702133.57,2,0.2368,1,0.1934,0
2024-12-30,sh.600000,9.58292588,9.72194318,9.55512242,9.70340754,9.60146152,78477805,818657791.71,2,0.2674,1,1.0618,0
2024-12-31,sh.600000,9.66633626,9.78681792,9.52731896,9.53658678,9.70340754,57783443,602393523.12,2,0.1969,1,-1.7192,0
2025-01-02,sh.600000,9.5458546,9.65706844,9.3141591,9.38830166,9.53658678,78907129,803904040.23,2,0.2688,1,-1.5549,0
2025-01-03,sh.600000,9.37903384,9.47171204,9.28635564,9.32342692,9.38830166,50693944,511576493.6,2,0.1727,1,-0.691,0
2025-01-06,sh.600000,9.38830166,9.4531764,9.09173142,9.4068373,9.32342692,79801276,804593503.56,2,0.2719,1,0.8946,0
2025-01-07,sh.600000,9.36976602,9.5458546,9.36976602,9.51805114,9.4068373,40265146,411488491.51,2,0.1372,1,1.1823,0
2025-01-08,sh.600000,9.50878332,9.61072934,9.4531764,9.5458546,9.51805114,48237450,496301044.81,2,0.1643,1,0.2921,0
2025-01-09,sh.600000,9.57365806,9.57365806,9.38830166,9.44390858,9.5458546,39221854,401208214.93,2,0.1336,1,-1.068,0
2025-01-10,sh.600000,9.48097986,9.52731896,9.29562346,9.38830166,9.44390858,31933534,324388873.26,2,0.1088,1,-0.5888,0
2025-01-13,sh.600000,9.32342692,9.38830166,9.1288027,9.26782,9.38830166,38217749,381632220.09,2,0.1302,1,-1.2833,0
2025-01-14,sh.600000,9.29562346,9.46244422,9.21221308,9.41610512,9.26782,38658714,390328865.83,2,0.1317,1,1.6,0
2025-01-15,sh.600000,9.41610512,9.62926498,9.38830166,9.46244422,9.41610512,38460814,394080519.97,2,0.131,1,0.4921,0
2025-01-16,sh.600000,9.53658678,9.55512242,9.38830166,9.46244422,9.46244422,33768888,344708149.69,2,0.115,1,0.0,0
2025-01-17,sh.600000,9.4995155,9.5458546,9.34196256,9.51805114,9.46244422,41663218,426549432.18,2,0.1419,1,0.5877,0
2025-01-20,sh.600000,9.56439024,9.6848719,9.48097986,9.61072934,9.51805114,37442622,388948241.47,2,0.1276,1,0.9737,0
2025-01-21,sh.600000,9.60146152,9.71267536,9.51805114,9.61072934,9.61072934,30852134,320946733.2,2,0.1051,1,0.0,0
2025-01-22,sh.600000,9.57365806,9.61999716,9.27708782,9.29562346,9.61072934,58374206,589944613.7,2,0.1989,1,-3.2787,0
2025-01-23,sh.600000,9.36976602,9.61072934,9.32342692,9.55512242,9.29562346,65580692,670951809.42,2,0.2234,1,2.7916,0
2025-01-24,sh.600000,9.50878332,9.72194318,9.42537294,9.62926498,9.55512242,72463834,752560118.11,2,0.2469,1,0.7759,0
2025-01-27,sh.600000,9.65706844,9.9165674,9.6385328,9.8702283,9.62926498,59488208,632694603.27,2,0.2027,1,2.5024,0
2025-02-05,sh.600000,9.87949612,9.90729958,9.6385328,9.64780062,9.8702283,51723455,542382244.53,2,0.1762,1,-2.2535,0
2025-02-06,sh.600000,9.61999716,9.731211,9.5458546,9.66633626,9.64780062,38598431,400818916.71,2,0.1315,1,0.1921,0
2025-02-07,sh.600000,9.66633626,9.6848719,9.5458546,9.58292588,9.66633626,45600119,472723880.77,2,0.1554,1,-0.8629,0
2025-02-10,sh.600000,9.56439024,9.67560408,9.48097986,9.51805114,9.58292588,41234671,426297964.4,2,0.1405,1,-0.677,0
2025-02-11,sh.600000,9.53658678,9.61999716,9.48097986,9.5458546,9.51805114,34651727,356843469.52,2,0.1181,1,0.2921,0
2025-02-12,sh.600000,9.56439024,9.65706844,9.49024768,9.64780062,9.5458546,33100308,342797073.52,2,0.1128,1,1.068,0
2025-02-13,sh.600000,9.62926498,9.67560408,9.5458546,9.55512242,9.64780062,48454342,501218511.06,2,0.1651,1,-0.9606,0
2025-02-14,sh.600000,9.5921937,9.66633626,9.4995155,9.64780062,9.55512242,56300581,581842513.44,2,0.1918,1,0.9699,0
2025-02-17,sh.600000,9.67560408,9.69413972,9.4531764,9.51805114,9.64780062,52311132,538356330.52,2,0.1782,1,-1.3449,0
2025-02-18,sh.600000,9.50878332,9.76828228,9.46244422,9.731211,9.51805114,62783988,654395130.64,2,0.2139,1,2.2395,0
2025-02-19,sh.600000,9.6848719,9.81462138,9.65706844,9.67560408,9.731211,42364339,444710362.32,2,0.1443,1,-0.5714,0
2025-02-20,sh.600000,9.65706844,9.72194318,9.58292588,9.62926498,9.67560408,27223599,283297509.85,2,0.0927,1,-0.4789,0
2025-02-21,sh.600000,9.62926498,9.66633626,9.48097986,9.53658678,9.62926498,50391537,519161892.61,2,0.1717,1,-0.9625,0
2025-02-24,sh.600000,9.51805114,9.55512242,9.44390858,9.46244422,9.53658678,43741415,447600690.0,2,0.149,1,-0.7775,0
2025-02-25,sh.600000,9.4531764,9.4995155,9.33269474,9.3604982,9.46244422,37159866,377213136.95,2,0.1266,1,-1.0774,0
2025-02-26,sh.600000,9.4068373,9.56439024,9.37903384,9.43464076,9.3604982,55536705,567601087.62,2,0.1892,1,0.7921,0
2025-02-27,sh.600000,9.47171204,9.50878332,9.36976602,9.49024768,9.43464076,37999169,387232885.4,2,0.1295,1,0.5894,0
2025-02-28,sh.600000,9.48097986,9.5458546,9.42537294,9.42537294,9.49024768,44651100,457102787.82,2,0.1521,1,-0.6836,0
2025-03-03,sh.600000,9.44390858,9.47171204,9.34196256,9.4068373,9.42537294,43010899,436849849.85,2,0.1465,1,-0.1967,0
2025-03-04,sh.600000,9.3604982,9.44390858,9.3604982,9.3604982,9.4068373,29769782,301634439.35,2,0.1014,1,-0.4926,0
2025-03-05,sh.600000,9.39756948,9.50878332,9.3141591,9.4995155,9.3604982,41686357,424730035.98,2,0.142,1,1.4851,0
2025-03-06,sh.600000,9.4995155,9.50878332,9.34196256,9.38830166,9.4995155,43499424,441681583.76,2,0.1482,1,-1.1707,0
2025-03-07,sh.600000,9.4068373,9.44390858,9.32342692,9.39756948,9.38830166,37005882,374991809.23,2,0.1261,1,0.0987,0
2025-03-10,sh.600000,9.3604982,9.39756948,9.27708782,9.3604982,9.39756948,43594496,438534235.89,2,0.1485,1,-0.3945,0
2025-03-11,sh.600000,9.30489128,9.37903384,9.29562346,9.37903384,9.3604982,35208198,354675246.88,2,0.12,1,0.198,0
2025-03-12,sh.600000,9.37903384,9.43464076,9.27708782,9.37903384,9.37903384,42868920,433414444.54,2,0.1461,1,0.0,0
2025-03-13,sh.600000,9.41610512,9.4995155,9.37903384,9.47171204,9.37903384,46714351,476613668.59,2,0.1592,1,0.9881,0
2025-03-14,sh.600000,9.52731896,9.72194318,9.49024768,9.65706844,9.47171204,78422138,815108919.0,2,0.2672,1,1.9569,0
2025-03-17,sh.600000,9.7775501,9.87949612,9.62926498,9.8238892,9.65706844,59251416,626647199.49,2,0.2019,1,1.7274,0
2025-03-18,sh.600000,9.85169266,9.93510304,9.74974664,9.86096048,9.8238892,40970582,436226250.27,2,0.1396,1,0.3774,0
2025-03-19,sh.600000,9.81462138,9.89803176,9.78681792,9.8702283,9.86096048,34604830,367827208.74,2,0.1179,1,0.094,0
2025-03-20,sh.600000,9.86096048,9.90729958,9.8238892,9.87949612,9.8702283,29548507,314685882.22,2,0.1007,1,0.0939,0
2025-03-21,sh.600000,9.85169266,9.93510304,9.64780062,9.70340754,9.87949612,56344163,594649833.79,2,0.192,1,-1.7824,0
2025-03-24,sh.600000,9.65706844,9.85169266,9.65706844,9.83315702,9.70340754,46449659,489527179.23,2,0.1582,1,1.3372,0
2025-03-25,sh.600000,9.8702283,9.90729958,9.731211,9.83315702,9.83315702,37875416,401332739.29,2,0.129,1,0.0,0
2025-03-26,sh.600000,9.8238892,9.83315702,9.6848719,9.70340754,9.83315702,36660981,385049553.58,2,0.1249,1,-1.3195,0
2025-03-27,sh.600000,9.731211,9.87949612,9.70340754,9.7775501,9.70340754,42508671,449288518.57,2,0.1448,1,0.7641,0
2025-03-28,sh.600000,9.75901446,9.79608574,9.64780062,9.67560408,9.7775501,36572944,382165241.29,2,0.1246,1,-1.0427,0
2025-03-31,sh.600000,9.70340754,9.85169266,9.5921937,9.66633626,9.67560408,49360687,518371937.13,2,0.1682,1,-0.0958,0
2025-04-01,sh.600000,9.66633626,9.69413972,9.47171204,9.5921937,9.66633626,63920348,659250549.52,2,0.2178,1,-0.767,0
2025-04-02,sh.600000,9.53658678,9.78681792,9.53658678,9.69413972,9.5921937,45625673,477144592.57,2,0.1554,1,1.0628,0
2025-04-03,sh.600000,9.53658678,9.731211,9.53658678,9.71267536,9.69413972,36919313,384886879.92,2,0.1258,1,0.1912,0
2025-04-07,sh.600000,9.51805114,9.52731896,8.76735772,8.9434463,9.71267536,142399646,1395103301.62,2,0.4851,1,-7.9198,0
2025-04-08,sh.600000,9.05466014,9.53658678,9.0361245,9.4531764,8.9434463,149422915,1501459277.52,2,0.5091,1,5.6995,0
2025-04-09,sh.600000,9.44390858,9.44390858,9.13807052,9.27708782,9.4531764,99714563,997750442.74,2,0.3397,1,-1.8627,0
2025-04-10,sh.600000,9.43464076,9.43464076,9.18440962,9.26782,9.27708782,78108087,781663685.88,2,0.2661,1,-0.0999,0
2025-04-11,sh.600000,9.32342692,9.37903384,9.19367744,9.33269474,9.26782,56246196,564930748.36,2,0.1916,1,0.7,0
2025-04-14,sh.600000,9.30489128,9.47171204,9.26782,9.43464076,9.33269474,62154163,629562547.75,2,0.2118,1,1.0924,0
2025-04-15,sh.600000,9.43464076,9.71267536,9.42537294,9.70340754,9.43464076,68556308,712990091.2,2,0.2336,1,2.8487,0
2025-04-16,sh.600000,9.6848719,9.8238892,9.5921937,9.8238892,9.70340754,74094520,777378645.19,2,0.2524,1,1.2416,0
2025-04-17,sh.600000,9.8238892,9.9629065,9.66633626,9.9629065,9.8238892,70420291,748750237.38,2,0.2399,1,1.4151,0
2025-04-18,sh.600000,9.9165674,10.07412034,9.87949612,10.01851342,9.9629065,48024169,518493333.64,2,0.1636,1,0.5581,0
2025-04-21,sh.600000,9.99070996,10.08338816,9.78681792,9.79608574,10.01851342,50053475,533248958.46,2,0.1705,1,-2.2202,0
2025-04-22,sh.600000,9.78681792,9.95363868,9.7775501,9.92583522,9.79608574,46047223,491852201.16,2,0.1569,1,1.3245,0
2025-04-23,sh.600000,9.92583522,9.9629065,9.80535356,9.88876394,9.92583522,33992733,362271178.0,2,0.1158,1,-0.3735,0
2025-04-24,sh.600000,9.90729958,10.0555847,9.88876394,9.95363868,9.88876394,39754164,428435900.07,2,0.1354,1,0.656,0
2025-04-25,sh.600000,9.9629065,10.0092456,9.79608574,9.81462138,9.95363868,45447179,483223746.16,2,0.1548,1,-1.3966,0
2025-04-28,sh.600000,9.8238892,9.95363868,9.81462138,9.95363868,9.81462138,48382197,517574619.91,2,0.1648,1,1.4164,0
2025-04-29,sh.600000,9.87949612,10.07412034,9.8702283,10.03704906,9.95363868,52112683,562869895.53,2,0.1775,1,0.838,0
2025-04-30,sh.600000,10.02778124,10.22240546,9.8238892,10.15753072,10.03704906,92838022,1011035958.82,2,0.3163,1,1.2004,0
2025-05-06,sh.600000,10.194602,10.37069058,10.0092456,10.35215494,10.15753072,97264620,1076041107.18,2,0.3314,1,1.9161,0
2025-05-07,sh.600000,10.52824352,10.54677916,10.26874456,10.53751134,10.35215494,71916086,811933127.16,2,0.245,1,1.7905,0
2025-05-08,sh.600000,10.5189757,10.83408158,10.50044006,10.77847466,10.53751134,77598543,899909970.1,2,0.2644,1,2.2867,0
2025-05-09,sh.600000,10.7970103,11.01017016,10.76920684,10.9360276,10.77847466,82148077,967087777.84,2,0.2799,1,1.4617,0
2025-05-12,sh.600000,10.96383106,11.10284836,10.7970103,10.85261722,10.9360276,106436592,1258603165.84,2,0.3626,1,-0.7627,0
2025-05-13,sh.600000,10.87115286,11.2604013,10.81554594,11.19552656,10.85261722,85038009,1017847179.35,2,0.2897,1,3.1597,0
2025-05-14,sh.600000,11.11211618,11.29747258,11.08431272,11.2604013,11.19552656,72183353,873575368.48,2,0.2459,1,0.5795,0
2025-05-15,sh.600000,11.27893694,11.4457577,11.20479438,11.39015078,11.2604013,64989861,796202036.15,2,0.2214,1,1.1523,0
2025-05-16,sh.600000,11.40868642,11.47356116,11.1677231,11.2140622,11.39015078,61049671,742473908.28,2,0.208,1,-1.546,0
2025-05-19,sh.600000,11.3067404,11.3530795,11.09358054,11.121384,11.2140622,63137397,762689367.46,2,0.2151,1,-0.8264,0
2025-05-20,sh.600000,11.13991964,11.43648988,11.13065182,11.37161514,11.121384,80013453,976894438.97,2,0.2726,1,2.25,0
2025-05-21,sh.600000,11.37161514,11.51063244,11.3067404,11.37161514,11.37161514,41672064,513339136.15,2,0.142,1,0.0,0
2025-05-22,sh.600000,11.32527604,11.61257846,11.29747258,11.51990026,11.37161514,63895089,792331666.69,2,0.2177,1,1.304,0
2025-05-23,sh.600000,11.48282898,11.56623936,11.32527604,11.33454386,11.51990026,57961597,712934903.4,2,0.1975,1,-1.609,0
2025-05-26,sh.600000,11.29747258,11.3530795,11.11211618,11.1677231,11.33454386,86375810,1043951444.26,2,0.2943,1,-1.4718,0
2025-05-27,sh.600000,11.22333002,11.3530795,11.1677231,11.29747258,11.1677231,51170123,622457334.23,2,0.1743,1,1.1618,0
2025-05-28,sh.600000,11.3067404,11.42722206,11.24186566,11.32527604,11.29747258,45763183,559946076.02,2,0.1559,1,0.2461,0
2025-05-29,sh.600000,11.31600822,11.37161514,11.27893694,11.27893694,11.32527604,39604139,483788795.64,2,0.1349,1,-0.4092,0
2025-05-30,sh.600000,11.3067404,11.50136462,11.27893694,11.42722206,11.27893694,74173919,912668309.69,2,0.2527,1,1.3147,0
2025-06-03,sh.600000,11.40868642,11.64964974,11.33454386,11.62184628,11.42722206,83435308,1038149397.08,2,0.2843,1,1.7032,0
2025-06-04,sh.600000,11.56623936,11.61257846,11.42722206,11.47356116,11.62184628,54685133,677861305.3,2,0.1863,1,-1.2759,0
2025-06-05,sh.600000,11.51063244,11.5384359,11.38088296,11.41795424,11.47356116,37014523,456671679.61,2,0.1261,1,-0.4847,0
2025-06-06,sh.600000,11.42722206,11.48282898,11.31600822,11.41795424,11.41795424,43240203,531488384.37,2,0.1473,1,0.0,0
2025-06-09,sh.600000,11.40868642,11.43648988,11.2140622,11.40868642,11.41795424,56578144,691788948.99,2,0.1928,1,-0.0812,0
2025-06-10,sh.600000,11.38088296,11.5384359,11.36234732,11.45502552,11.40868642,49879732,616254415.76,2,0.1699,1,0.4062,0
2025-06-11,sh.600000,11.45502552,11.51063244,11.34381168,11.4457577,11.45502552,44114064,544126474.73,2,0.1503,1,-0.0809,0
2025-06-12,sh.600000,11.4457577,11.584775,11.33454386,11.54770372,11.4457577,47676653,592474539.19,2,0.1624,1,0.8907,0
2025-06-13,sh.600000,11.584775,11.6311141,11.38088296,11.43648988,11.54770372,61844935,764861363.21,2,0.2107,1,-0.9631,0
2025-06-16,sh.600000,11.43648988,11.6774532,11.31600822,11.65891756,11.43648988,51085389,635504882.17,2,0.174,1,1.9449,0
2025-06-17,sh.600000,11.65891756,11.7237923,11.5384359,11.62184628,11.65891756,37369806,468354085.73,2,0.1273,1,-0.318,0
2025-06-18,sh.600000,11.64038192,11.89061306,11.59404282,11.84427396,11.62184628,69853954,890776691.53,2,0.238,1,1.9139,0
2025-06-19,sh.600000,11.84427396,11.89988088,11.71452448,11.80720268,11.84427396,43768050,557599592.67,2,0.1491,1,-0.313,0
2025-06-20,sh.600000,11.84427396,12.06670164,11.79793486,12.06670164,11.80720268,69793426,903428590.6,2,0.2378,1,2.1978,0
2025-06-23,sh.600000,12.02963036,12.38180752,11.93695216,12.33546842,12.06670164,81059193,1067412053.36,2,0.2762,1,2.2273,0
2025-06-24,sh.600000,12.33546842,12.54862828,12.19645112,12.33546842,12.33546842,84287565,1123477728.39,2,0.2872,1,0.0,0
2025-06-25,sh.600000,12.33546842,12.53009264,12.2335224,12.47448572,12.33546842,56329911,752682258.56,2,0.1919,1,1.127,0
2025-06-26,sh.600000,12.4188788,12.6505743,12.3262006,12.62277084,12.47448572,66332882,895310745.47,2,0.226,1,1.1887,0
2025-06-27,sh.600000,12.63203866,12.96568018,12.45595008,12.5578961,12.62277084,145112686,1990098971.05,2,0.4944,1,-0.514,0
2025-06-30,sh.600000,12.4188788,12.95641236,12.2798615,12.86373416,12.5578961,95051500,1297775515.09,2,0.3238,1,2.4354,0
2025-07-01,sh.600000,12.86373416,13.28078606,12.85446634,13.14176876,12.86373416,87707054,1242184692.56,2,0.2898,1,2.1614,0
2025-07-02,sh.600000,13.1603044,13.3456608,13.0676262,13.1603044,13.14176876,68484199,977656404.7,2,0.2263,1,0.141,0
2025-07-03,sh.600000,13.16957222,13.23444696,13.05835838,13.14176876,13.1603044,50965551,722233396.14,2,0.1684,1,-0.1408,0
2025-07-04,sh.600000,13.1139653,13.6700345,13.10469748,13.51248156,13.14176876,93567870,1359237790.06,2,0.3092,1,2.8209,0
2025-07-07,sh.600000,13.58662412,13.7163736,13.44760682,13.5310172,13.51248156,64970474,951840346.32,2,0.2147,1,0.1372,0
2025-07-08,sh.600000,13.51248156,13.54955284,13.1139653,13.18810786,13.5310172,113914556,1624827333.45,2,0.3764,1,-2.5342,0
2025-07-09,sh.600000,13.1603044,13.2529826,13.08616184,13.13250094,13.18810786,81762955,1162380709.41,2,0.2702,1,-0.4216,0
2025-07-10,sh.600000,13.13250094,13.29005388,13.09542966,13.1603044,13.13250094,115968328,1652800753.34,2,0.3831,1,0.2117,0
2025-07-11,sh.600000,13.13250094,13.19737568,12.7895916,12.7895916,13.1603044,161683677,2258575043.94,2,0.5342,1,-2.8169,0
2025-07-14,sh.600000,12.7432525,13.1139653,12.7432525,13.07689402,12.7895916,114977276,1614456120.94,2,0.3799,1,2.2464,0
2025-07-15,sh.600000,13.1139653,13.1603044,12.81739506,12.91007326,13.07689402,76673245,1073790980.78,2,0.2533,1,-1.2757,0
2025-07-16,sh.600000,12.92916998,12.9864632,12.66180162,12.87187676,12.91007224,81426935,1092141761.03,2,0.269,1,-0.2959,0
2025-07-17,sh.600000,12.87187676,12.96736546,12.7954858,12.83368128,12.87187676,47080750,633619314.88,2,0.1555,1,-0.2967,0
2025-07-18,sh.600000,12.86232789,13.03420755,12.78593693,12.85277902,12.83368128,56174733,758987555.46,2,0.1856,1,0.1488,0
2025-07-21,sh.600000,12.85277902,12.92916998,12.75729032,12.87187676,12.85277902,55881659,751457579.17,2,0.1846,1,0.1486,0
2025-07-22,sh.600000,12.85277902,12.90052337,12.6045084,12.63315501,12.87187676,91190502,1212020033.79,2,0.3013,1,-1.8546,0
2025-07-23,sh.600000,12.6045084,12.88142563,12.6045084,12.72864371,12.63315501,67673356,904049598.96,2,0.2236,1,0.7559,0
2025-07-24,sh.600000,12.76683919,12.76683919,12.46127535,12.47082422,12.72864371,97343311,1280091394.11,2,0.3216,1,-2.0255,0
2025-07-25,sh.600000,12.44217761,12.63315501,12.44217761,12.48037309,12.47082422,65621788,860317426.27,2,0.2168,1,0.0766,0
2025-07-28,sh.600000,12.52811744,12.6045084,12.44217761,12.48992196,12.48037309,76297474,1002195904.36,2,0.2521,1,0.0765,0
2025-07-29,sh.600000,12.48037309,12.52811744,12.20345586,12.21300473,12.48992196,78919964,1017205989.27,2,0.2607,1,-2.2171,0
2025-07-30,sh.600000,12.26074908,12.34668891,12.15571151,12.29894456,12.21300473,72158148,928059541.76,2,0.2384,1,0.7037,0
2025-07-31,sh.600000,12.28939569,12.3180423,12.13661377,12.23210247,12.29894456,68538701,875810524.01,2,0.2264,1,-0.5435,0
2025-08-01,sh.600000,12.24165134,12.39443326,12.01247846,12.33714004,12.23210247,79386102,1018578952.15,2,0.2623,1,0.8587,0
2025-08-04,sh.600000,12.3180423,12.84323015,12.3180423,12.53766631,12.33714004,99782728,1321632122.73,2,0.3297,1,1.6254,0
2025-08-05,sh.600000,12.55676405,13.15834286,12.54721518,13.12969625,12.53766631,133646594,1812399937.53,2,0.4415,1,4.722,0
2025-08-06,sh.600000,13.12969625,13.22518495,13.01510981,13.16789173,13.12969625,84891798,1170588593.94,2,0.2805,1,0.2909,0
2025-08-07,sh.600000,13.44480896,13.44480896,13.04375642,13.30157591,13.16789173,96558141,1337645650.28,2,0.319,1,1.0152,0
2025-08-08,sh.600000,13.33022252,13.64533523,13.28247817,13.53074879,13.30157591,96742884,1367882502.45,2,0.3196,1,1.7229,0
2025-08-11,sh.600000,13.4639067,13.5593954,13.22518495,13.34932026,13.53074879,89510437,1249751391.12,2,0.2957,1,-1.3409,0
2025-08-12,sh.600000,13.33977139,13.48300444,13.24428269,13.26338043,13.34932026,76628234,1072660845.09,2,0.2532,1,-0.6438,0
2025-08-13,sh.600000,13.34932026,13.39706461,13.1774406,13.20608721,13.26338043,79039619,1097891524.73,2,0.2611,1,-0.432,0
2025-08-14,sh.600000,13.20608721,13.34932026,13.16789173,13.24428269,13.20608721,71279949,990881028.74,2,0.2355,1,0.2892,0
2025-08-15,sh.600000,13.22518495,13.32067365,12.93871885,12.97691433,13.24428269,93067809,1271714019.15,2,0.3075,1,-2.0187,0
2025-08-18,sh.600000,12.91962111,13.10104964,12.86232789,13.02465868,12.97691433,83579911,1134949185.4,2,0.2761,1,0.3679,0
2025-08-19,sh.600000,13.02465868,13.13924512,12.96736546,13.07240303,13.02465868,49497253,678047554.46,2,0.1635,1,0.3666,0
2025-08-20,sh.600000,13.07240303,13.24428269,12.9864632,13.10104964,13.07240303,60322243,829302743.85,2,0.1993,1,0.2191,0
2025-08-21,sh.600000,13.0819519,13.23473382,12.97691433,13.15834286,13.10104964,57468516,791948363.69,2,0.1899,1,0.4373,0
2025-08-22,sh.600000,13.18698947,13.32067365,13.14879399,13.31112478,13.15834286,64098054,888813234.07,2,0.2118,1,1.1611,0
2025-08-25,sh.600000,13.2729293,13.41616235,13.13924512,13.39706461,13.31112478,63137208,877162424.51,2,0.2086,1,0.6456,0
2025-08-26,sh.600000,13.368418,13.51165105,13.19653834,13.39706461,13.39706461,59365845,831883207.37,2,0.1961,1,0.0,0
2025-08-27,sh.600000,13.32067365,13.368418,13.0819519,13.12969625,13.39706461,76975407,1065617631.05,2,0.2543,1,-1.9957,0
2025-08-28,sh.600000,13.03420755,13.31112478,12.83368128,13.23473382,13.12969625,95618144,1314340523.88,2,0.3135,1,0.8,0
2025-08-29,sh.600000,13.18698947,13.35886913,13.01510981,13.01510981,13.23473382,128276384,1769227973.02,2,0.4206,1,-1.6595,0
2025-09-01,sh.600000,13.06285416,13.2729293,12.84323015,12.88142563,13.01510981,116131640,1584600426.03,2,0.3808,1,-1.0271,0
2025-09-02,sh.600000,12.82413241,13.12969625,12.78593693,13.11059851,12.88142563,79527127,1078332698.35,2,0.2608,1,1.7791,0
2025-09-03,sh.600000,13.11059851,13.24428269,12.99601207,13.15834286,13.11059851,75418875,1039563267.56,2,0.2473,1,0.3642,0
2025-09-04,sh.600000,13.0819519,13.22518495,12.8909745,13.14879399,13.15834286,101214019,1382067032.72,2,0.3319,1,-0.0726,0
2025-09-05,sh.600000,13.12014738,13.15834286,12.86232789,13.07240303,13.14879399,79038636,1081534596.01,2,0.2592,1,-0.581,0
2025-09-08,sh.600000,13.07240303,13.34932026,12.91962111,12.96736546,13.07240303,123553472,1702186554.07,2,0.4051,1,-0.8035,0
2025-09-09,sh.600000,13.07240303,13.38751574,13.00556094,13.38751574,12.96736546,117067240,1622965820.57,2,0.3839,1,3.2401,0
2025-09-10,sh.600000,13.42571122,13.43526009,13.20608721,13.33977139,13.38751574,83617788,1169472183.67,2,0.2742,1,-0.3566,0
2025-09-11,sh.600000,13.30157591,13.53074879,13.25383156,13.48300444,13.33977139,83259271,1168876344.11,2,0.273,1,1.0737,0
2025-09-12,sh.600000,13.50210218,13.60713975,12.84323015,12.9864632,13.48300444,137797397,1890112473.41,2,0.4518,1,-3.6827,0
2025-09-15,sh.600000,12.90052337,13.07240303,12.76683919,12.82413241,12.9864632,84060835,1136419803.5,2,0.2756,1,-1.25,0
2025-09-16,sh.600000,12.80503467,12.83368128,12.53766631,12.56631292,12.82413241,88505780,1171744735.83,2,0.2902,1,-2.0104,0
2025-09-17,sh.600000,12.55676405,12.65225275,12.36578665,12.37533552,12.56631292,66621805,869297895.15,2,0.2185,1,-1.5198,0
2025-09-18,sh.600000,12.37533552,12.42307987,12.10796716,12.17480925,12.37533552,106507276,1365758685.46,2,0.3492,1,-1.6204,0
2025-09-19,sh.600000,12.11751603,12.3180423,11.99338072,12.23210247,12.17480925,79638295,1015780801.33,2,0.2611,1,0.4706,0
2025-09-22,sh.600000,12.20345586,12.2225536,11.9360875,11.97428298,12.23210247,49180587,620006457.97,2,0.1613,1,-2.1077,0
2025-09-23,sh.600000,11.94563637,12.07932055,11.80240332,11.88834315,11.97428298,77159109,962632051.84,2,0.253,1,-0.7177,0
2025-09-24,sh.600000,11.88834315,11.97428298,11.51593722,11.66871914,11.88834315,102755861,1255684175.96,2,0.3369,1,-1.8474,0
2025-09-25,sh.600000,11.67826801,11.98383185,11.58277931,11.86924541,11.66871914,128885102,1599981440.26,2,0.4226,1,1.7185,0
2025-09-26,sh.600000,11.81195219,11.91698976,11.3631553,11.69736575,11.86924541,84171099,1024777755.59,2,0.276,1,-1.4481,0
2025-09-29,sh.600000,11.69736575,11.70691462,11.41089965,11.51593722,11.69736575,86111735,1041131901.08,2,0.2824,1,-1.551,0
2025-09-30,sh.600000,11.52548609,11.56368157,11.27721547,11.3631553,11.51593722,90383609,1077479637.7,2,0.2964,1,-1.3267,0
2025-10-09,sh.600000,11.21992225,11.33450869,11.10533581,11.2676666,11.3631553,81279059,957141423.08,2,0.2665,1,-0.8403,0
2025-10-10,sh.600000,11.25811773,11.48729061,11.15308016,11.30586208,11.2676666,93757429,1113065249.99,2,0.299,1,0.339,0
2025-10-13,sh.600000,11.42999739,12.0315762,11.24856886,11.94563637,11.30586208,209588223,2580353841.57,2,0.6684,1,5.6588,0
2025-10-14,sh.600000,11.88834315,12.28939569,11.75465897,12.19390699,11.94563637,146399373,1860041653.75,2,0.46,1,2.0783,0
2025-10-15,sh.600000,12.17480925,12.64270388,12.06022281,12.57586179,12.19390699,122625265,1591811158.53,2,0.3853,1,3.1323,0
2025-10-16,sh.600000,12.56631292,12.91962111,12.51856857,12.71909484,12.57586179,99838590,1328610596.65,2,0.3137,1,1.139,0
2025-10-17,sh.600000,12.69044823,12.83368128,12.51856857,12.71909484,12.71909484,81693218,1084436740.15,2,0.2523,1,0.0,0
2025-10-20,sh.600000,12.67135049,12.67135049,12.34668891,12.40398213,12.71909484,80678774,1053892619.89,2,0.2468,1,-2.4775,0
2025-10-21,sh.600000,12.40398213,12.6999971,12.33714004,12.40398213,12.40398213,154403206,2026895575.95,2,0.4723,1,0.0,0
2025-10-22,sh.600000,12.38488439,12.55676405,12.23210247,12.44217761,12.40398213,119621745,1553039597.04,2,0.3659,1,0.3079,0
2025-10-23,sh.600000,12.44217761,12.5090197,12.26074908,12.38488439,12.44217761,80652260,1045171787.59,2,0.2467,1,-0.4605,0
2025-10-24,sh.600000,12.40398213,12.5090197,12.25120021,12.39443326,12.38488439,183342863,2383331324.71,2,0.5608,1,0.0771,0
2025-10-27,sh.600000,12.33714004,12.47082422,12.25120021,12.38488439,12.39443326,151665963,1964302302.02,2,0.4554,1,-0.077,0
2025-10-28,sh.600000,12.42307987,12.48037309,11.67826801,11.83104993,12.38488439,159866315,1992336125.97,2,0.48,1,-4.4719,0
2025-10-29,sh.600000,11.75465897,11.80240332,11.21992225,11.27721547,11.83104993,165619780,1970345899.77,2,0.4973,1,-4.6812,0
2025-10-30,sh.600000,11.25811773,11.29631321,11.09578694,11.11488468,11.27721547,122375784,1430066830.95,2,0.3674,1,-1.4395,0
2025-10-31,sh.600000,11.19127564,11.21037338,10.97165163,10.97165163,11.11488468,143534203,1657883721.08,2,0.431,1,-1.2887,0
2025-11-03,sh.600000,10.97165163,11.11488468,10.85706519,10.89526067,10.97165163,123384169,1414090218.43,2,0.3705,1,-0.6963,0
2025-11-04,sh.600000,10.8857118,11.10533581,10.84751632,11.09578694,10.89526067,134964340,1553428253.46,2,0.4052,1,1.8405,0
2025-11-05,sh.600000,11.11488468,11.42044852,11.05759146,11.32495982,11.09578694,162186560,1915573359.08,2,0.487,1,2.0654,0
2025-11-06,sh.600000,11.2676666,11.2676666,11.06714033,11.13398242,11.32495982,127867343,1491236057.4,2,0.3839,1,-1.6863,0
2025-11-07,sh.600000,11.11488468,11.21992225,11.06714033,11.1721779,11.13398242,93125152,1088148705.19,2,0.2796,1,0.3431,0
2025-11-10,sh.600000,11.12443355,11.2676666,11.08623807,11.16262903,11.1721779,90615790,1060061828.17,2,0.2721,1,-0.0855,0
2025-11-11,sh.600000,11.14353129,11.20082451,11.0766892,11.14353129,11.16262903,78910662,920057996.77,2,0.2369,1,-0.1711,0
2025-11-12,sh.600000,11.16262903,11.38225304,11.13398242,11.15308016,11.14353129,150937630,1773400017.86,2,0.4532,1,0.0857,0
2025-11-13,sh.600000,11.13398242,11.19127564,10.99074937,11.13398242,11.15308016,121769523,1414343346.53,2,0.3656,1,-0.1712,0
2025-11-14,sh.600000,11.08623807,11.23901999,11.08623807,11.09578694,11.13398242,113543245,1326048680.5,2,0.3409,1,-0.3431,0
2025-11-17,sh.600000,11.0766892,11.12443355,10.83796745,10.85706519,11.09578694,98485526,1127109373.29,2,0.2957,1,-2.1515,0
2025-11-18,sh.600000,10.83796745,10.93345615,10.74247875,10.93345615,10.85706519,56503139,642965676.86,2,0.1696,1,0.7036,0
2025-11-19,sh.600000,10.91435841,11.09578694,10.8857118,11.03849372,10.93345615,93264386,1078378238.53,2,0.28,1,0.9607,0
2025-11-20,sh.600000,11.01939598,11.27721547,10.97165163,11.1721779,11.03849372,116125007,1361974217.21,2,0.3487,1,1.2111,0
2025-11-21,sh.600000,11.1721779,11.21037338,10.9812005,11.00029824,11.1721779,100248709,1161931513.34,2,0.301,1,-1.5385,0
2025-11-24,sh.600000,11.01939598,11.12443355,10.97165163,11.00984711,11.00029824,94815363,1097744266.59,2,0.2847,1,0.0868,0
2025-11-25,sh.600000,11.00984711,11.11488468,10.93345615,11.08623807,11.00984711,55709457,643212946.22,2,0.1673,1,0.6938,0
2025-11-26,sh.600000,11.10533581,11.14353129,10.93345615,10.96210276,11.08623807,60876972,702261810.13,2,0.1828,1,-1.1197,0
2025-11-27,sh.600000,10.90480954,11.24856886,10.79977197,11.09578694,10.96210276,93698611,1086584193.16,2,0.2813,1,1.2195,0
2025-11-28,sh.600000,11.0766892,11.1721779,10.94300502,10.96210276,11.09578694,79682706,921539831.53,2,0.2392,1,-1.2048,0
2025-12-01,sh.600000,10.89526067,11.02894485,10.85706519,11.01939598,10.96210276,68000214,779356764.1,2,0.2042,1,0.5226,0
2025-12-02,sh.600000,10.99074937,11.05759146,10.91435841,10.93345615,11.01939598,50331401,577904085.28,2,0.1511,1,-0.7799,0
2025-12-03,sh.600000,10.90480954,10.9812005,10.7902231,10.7902231,10.93345615,65916685,751358254.91,2,0.1979,1,-1.31,0
2025-12-04,sh.600000,10.81886971,10.81886971,10.64699005,10.74247875,10.7902231,45066850,506206455.84,2,0.1353,1,-0.4425,0
2025-12-05,sh.600000,10.72338101,10.80932084,10.63744118,10.75202762,10.74247875,56770710,637399477.84,2,0.1705,1,0.0889,0
2025-12-08,sh.600000,10.75202762,10.91435841,10.72338101,10.87616293,10.75202762,89418386,1017232427.15,2,0.2685,1,1.1545,0
2025-12-09,sh.600000,10.89526067,10.91435841,10.79977197,10.80932084,10.87616293,58585930,664542013.98,2,0.1759,1,-0.6146,0
2025-12-10,sh.600000,10.80932084,10.81886971,10.63744118,10.77112536,10.80932084,70831411,794675027.71,2,0.2127,1,-0.3534,0
2025-12-11,sh.600000,10.7902231,10.93345615,10.71383214,10.92390728,10.77112536,107586743,1222579775.27,2,0.323,1,1.4184,0
2025-12-12,sh.600000,10.89526067,11.08623807,10.83796745,11.08623807,10.92390728,145372658,1672795399.42,2,0.4365,1,1.486,0
2025-12-15,sh.600000,11.06714033,11.21992225,10.9812005,11.13398242,11.08623807,111508150,1302167030.14,2,0.3348,1,0.4307,0
2025-12-16,sh.600000,11.14353129,11.19127564,10.90480954,11.02894485,11.13398242,86733417,1000970373.55,2,0.2604,1,-0.9434,0
2025-12-17,sh.600000,11.01939598,11.14353129,10.93345615,11.01939598,11.02894485,60894791,704546773.96,2,0.1828,1,-0.0866,0
2025-12-18,sh.600000,11.06714033,11.25811773,10.96210276,11.24856886,11.01939598,69201006,809469482.7,2,0.2078,1,2.0797,0
2025-12-19,sh.600000,11.19127564,11.2676666,11.12443355,11.16262903,11.24856886,67815119,794336354.39,2,0.2036,1,-0.764,0
2025-12-22,sh.600000,11.12443355,11.16262903,11.01939598,11.11488468,11.16262903,49907269,580340537.94,2,0.1498,1,-0.4277,0
2025-12-23,sh.600000,11.14353129,11.34405756,11.09578694,11.29631321,11.11488468,61488273,724111795.75,2,0.1846,1,1.6323,0
2025-12-24,sh.600000,11.29631321,11.3631553,11.21992225,11.27721547,11.29631321,46510627,550611164.25,2,0.1396,1,-0.1691,0
2025-12-25,sh.600000,11.2676666,11.32495982,11.21037338,11.23901999,11.27721547,30326271,357369168.16,2,0.0911,1,-0.3387,0
2025-12-26,sh.600000,11.23901999,11.28676434,11.18172677,11.19127564,11.23901999,29816927,350344914.47,2,0.0895,1,-0.4248,0
2025-12-29,sh.600000,11.21037338,11.66871914,11.15308016,11.62097479,11.19127564,87875772,1055110814.05,2,0.2638,1,3.8396,0
2025-12-30,sh.600000,11.62097479,11.85014767,11.5541327,11.83104993,11.62097479,74051075,910372295.0,2,0.2223,1,1.8077,0
2025-12-31,sh.600000,11.79285445,11.88834315,11.59232818,11.87879428,11.83104993,82445909,1016605870.18,2,0.2475,1,0.4036,0
2026-01-05,sh.600000,11.90744089,11.91698976,11.2676666,11.28676434,11.87879428,122284342,1459886350.34,2,0.3672,1,-4.9839,0
2026-01-06,sh.600000,11.24856886,11.48729061,11.18172677,11.458644,11.28676434,121375398,1439780652.17,2,0.3644,1,1.5228,0
2026-01-07,sh.600000,11.37270417,11.43954626,11.22947112,11.25811773,11.458644,70474220,833114858.77,2,0.2116,1,-1.75,0
2026-01-08,sh.600000,11.24856886,11.24856886,10.96210276,11.01939598,11.25811773,80017314,924663650.87,2,0.2403,1,-2.1204,0
2026-01-09,sh.600000,11.03849372,11.04804259,10.94300502,11.01939598,11.01939598,42361629,487401034.03,2,0.1272,1,0.0,0
2026-01-12,sh.600000,11.02894485,11.15308016,10.99074937,11.13398242,11.01939598,60110177,697500168.23,2,0.1805,1,1.0399,0
2026-01-13,sh.600000,11.19127564,11.21992225,11.01939598,11.04804259,11.13398242,49620112,577967675.71,2,0.149,1,-0.7719,0
2026-01-14,sh.600000,11.08623807,11.11488468,10.71383214,10.73292988,11.04804259,136564445,1562032442.77,2,0.41,1,-2.8522,0
2026-01-15,sh.600000,10.71383214,10.75202762,10.65653892,10.65653892,10.73292988,69278313,776363088.36,2,0.208,1,-0.7117,0
2026-01-16,sh.600000,10.68518553,10.76157649,10.38917056,10.54195248,10.65653892,126811321,1399112204.43,2,0.3807,1,-1.0753,0
2026-01-19,sh.600000,10.49420813,10.70428327,10.43691491,10.61834344,10.54195248,73155055,811475590.38,2,0.2196,1,0.7246,0
2026-01-20,sh.600000,10.5992457,10.60879457,10.44646378,10.53240361,10.61834344,73525878,809278404.31,2,0.2208,1,-0.8094,0
2026-01-21,sh.600000,10.53240361,10.56105022,10.22683977,10.25548638,10.53240361,96262217,1044627492.42,2,0.289,1,-2.6292,0
2026-01-22,sh.600000,10.25548638,10.4082683,10.1218022,10.15044881,10.25548638,152975450,1633552621.26,2,0.4593,1,-1.0242,0
2026-01-23,sh.600000,10.15044881,10.17909542,9.99766689,10.03586237,10.15044881,132324449,1394174258.59,2,0.3973,1,-1.1289,0
2026-01-26,sh.600000,10.01676463,10.05496011,9.87353158,9.88308045,10.03586237,149077101,1552120341.36,2,0.4476,1,-1.5224,0
2026-01-27,sh.600000,9.87353158,9.9308248,9.72074966,9.7398474,9.88308045,95430026,983073877.52,2,0.2865,1,-1.4493,0
2026-01-28,sh.600000,9.7398474,9.79714062,9.55841887,9.59661435,9.7398474,140090242,1416381406.66,2,0.4206,1,-1.4706,0
2026-01-29,sh.600000,9.57751661,9.73029853,9.43428356,9.69210305,9.59661435,182164726,1823281314.55,2,0.5469,1,0.995,0
2026-01-30,sh.600000,9.68255418,9.81623836,9.55841887,9.58706548,9.69210305,110436836,1119322395.04,2,0.3316,1,-1.0837,0
2026-02-02,sh.600000,9.61571209,9.78759175,9.57751661,9.60616322,9.58706548,105771232,1072786034.74,2,0.3176,1,0.1992,0
2026-02-03,sh.600000,9.60616322,9.61571209,9.46293017,9.56796774,9.60616322,77669459,775509783.42,2,0.2332,1,-0.3976,0
2026-02-04,sh.600000,9.54887,9.69210305,9.52977226,9.67300531,9.56796774,67248961,678972138.29,2,0.2019,1,1.0978,0
2026-02-05,sh.600000,9.69210305,9.81623836,9.67300531,9.76849401,9.67300531,97223688,992778930.64,2,0.2919,1,0.9872,0
2026-02-06,sh.600000,9.77804288,9.80668949,9.60616322,9.66345644,9.76849401,75925550,769321538.3,2,0.228,1,-1.0753,0
2026-02-09,sh.600000,9.65390757,9.77804288,9.62526096,9.72074966,9.66345644,61171546,621933880.43,2,0.1837,1,0.5929,0
2026-02-10,sh.600000,9.73029853,9.77804288,9.69210305,9.72074966,9.72074966,46429780,472864734.13,2,0.1394,1,0.0,0
2026-02-11,sh.600000,9.72074966,9.73029853,9.65390757,9.71120079,9.72074966,39338830,399584929.69,2,0.1181,1,-0.0982,0
2026-02-12,sh.600000,9.71120079,9.72074966,9.51067452,9.52977226,9.71120079,98376257,985620843.73,2,0.2954,1,-1.8682,0
2026-02-13,sh.600000,9.52977226,9.57751661,9.43428356,9.44383243,9.52977226,70040725,696614490.07,2,0.2103,1,-0.9018,0
2026-02-24,sh.600000,9.52977226,9.56796774,9.4533813,9.4533813,9.44383243,54739335,544210582.96,2,0.1644,1,0.1011,0
2026-02-25,sh.600000,9.4533813,9.49157678,9.34834373,9.34834373,9.4533813,87423426,862104910.85,2,0.2625,1,-1.1111,0
2026-02-26,sh.600000,9.3578926,9.38653921,9.25285503,9.29105051,9.34834373,76025001,740273716.09,2,0.2283,1,-0.6129,0
2026-02-27,sh.600000,9.29105051,9.39608808,9.2624039,9.28150164,9.29105051,80281023,781977680.78,2,0.241,1,-0.1028,0
2026-03-02,sh.600000,9.25285503,9.32924599,9.14781746,9.24330616,9.28150164,73404604,710795803.74,2,0.2204,1,-0.4115,0
2026-03-03,sh.600000,9.22420842,9.37699034,9.17646407,9.29105051,9.24330616,112936428,1098196732.02,2,0.3391,1,0.5165,0
2026-03-04,sh.600000,9.25285503,9.2624039,9.00458441,9.1669152,9.29105051,161755557,1544304016.81,2,0.4857,1,-1.3361,0
2026-03-05,sh.600000,9.12871972,9.36744147,9.12871972,9.33879486,9.1669152,119745268,1163684549.19,2,0.3595,1,1.875,0
2026-03-06,sh.600000,9.30059938,9.4533813,9.27195277,9.44383243,9.33879486,72726022,714778139.88,2,0.2184,1,1.1247,0
2026-03-09,sh.600000,9.38653921,9.56796774,9.32924599,9.40563695,9.44383243,116840499,1156617401.43,2,0.3508,1,-0.4044,0
2026-03-10,sh.600000,9.38653921,9.53932113,9.3578926,9.51067452,9.40563695,64916390,643507105.89,2,0.1949,1,1.1168,0
2026-03-11,sh.600000,9.52022339,9.6443587,9.40563695,9.61571209,9.51067452,100884566,1010756030.13,2,0.3029,1,1.1044,0
2026-03-12,sh.600000,9.58706548,9.7398474,9.55841887,9.72074966,9.61571209,89418328,905889175.77,2,0.2685,1,1.0924,0
2026-03-13,sh.600000,9.70165192,9.94037367,9.67300531,9.79714062,9.72074966,99676711,1024835924.3,2,0.2993,1,0.7859,0
2026-03-16,sh.600000,9.75894514,9.85443384,9.75894514,9.82578723,9.79714062,66490467,683009095.42,2,0.1996,1,0.2924,0
2026-03-17,sh.600000,9.80668949,9.94992254,9.80668949,9.91172706,9.82578723,76260073,791761952.96,2,0.229,1,0.8746,0
2026-03-18,sh.600000,9.91172706,9.94992254,9.8353361,9.90217819,9.91172706,65221883,676223804.15,2,0.1958,1,-0.0963,0
2026-03-19,sh.600000,9.85443384,9.9308248,9.78759175,9.85443384,9.90217819,75867153,784461844.83,2,0.2278,1,-0.4822,0
2026-03-20,sh.600000,9.86398271,9.98811802,9.81623836,9.81623836,9.85443384,74883607,776364417.08,2,0.2248,1,-0.3876,0
2026-03-23,sh.600000,9.76849401,9.76849401,9.40563695,9.41518582,9.81623836,93394504,933688844.14,2,0.2804,1,-4.0856,0
2026-03-24,sh.600000,9.50112565,9.66345644,9.44383243,9.58706548,9.41518582,60985887,611456194.26,2,0.1831,1,1.8256,0
2026-03-25,sh.600000,9.60616322,9.66345644,9.49157678,9.6443587,9.58706548,45678402,458609986.46,2,0.1371,1,0.5976,0
2026-03-26,sh.600000,9.61571209,9.72074966,9.57751661,9.60616322,9.6443587,36081386,364208119.65,2,0.1083,1,-0.396,0
2026-03-27,sh.600000,9.55841887,9.66345644,9.52977226,9.56796774,9.60616322,39243944,393449092.83,2,0.1178,1,-0.3976,0
2026-03-30,sh.600000,9.52022339,9.56796774,9.46293017,9.55841887,9.56796774,38507357,384072532.27,2,0.1156,1,-0.0998,0
2026-03-31,sh.600000,9.55841887,9.81623836,9.50112565,9.72074966,9.55841887,96580613,979340995.63,2,0.29,1,1.6983,0
2026-04-01,sh.600000,9.7398474,9.90217819,9.72074966,9.77804288,9.72074966,57416463,590411589.63,2,0.1724,1,0.5894,0
2026-04-02,sh.600000,9.78759175,9.90217819,9.74939627,9.78759175,9.77804288,41638322,427990040.09,2,0.125,1,0.0977,0
2026-04-03,sh.600000,9.78759175,9.78759175,9.62526096,9.66345644,9.78759175,41151821,417211984.12,2,0.1236,1,-1.2683,0
2026-04-07,sh.600000,9.66345644,9.71120079,9.50112565,9.52977226,9.66345644,37882609,380103391.54,2,0.1137,1,-1.3834,0
2026-04-08,sh.600000,9.54887,9.65390757,9.50112565,9.63480983,9.52977226,48272446,484910420.51,2,0.1449,1,1.1022,0
2026-04-09,sh.600000,9.61571209,9.66345644,9.48202791,9.48202791,9.63480983,46094152,460220739.32,2,0.1384,1,-1.5857,0
2026-04-10,sh.600000,9.48202791,9.50112565,9.41518582,9.44383243,9.48202791,42658461,422430515.97,2,0.1281,1,-0.4028,0
2026-04-13,sh.600000,9.42473469,9.43428356,9.33879486,9.41518582,9.44383243,42812229,420527985.29,2,0.1285,1,-0.3033,0
2026-04-14,sh.600000,9.41518582,9.59661435,9.40563695,9.59661435,9.41518582,52251153,521789801.29,2,0.1569,1,1.927,0
2026-04-15,sh.600000,9.59661435,9.67300531,9.57751661,9.65390757,9.59661435,43000230,433931950.87,2,0.1291,1,0.597,0
2026-04-16,sh.600000,9.66345644,9.71120079,9.52977226,9.54887,9.65390757,43702319,438981473.65,2,0.1312,1,-1.088,0
2026-04-17,sh.600000,9.52022339,9.54887,9.40563695,9.41518582,9.54887,57933037,573972298.66,2,0.1739,1,-1.4,0
2026-04-20,sh.600000,9.40563695,9.46293017,9.33879486,9.33879486,9.41518582,68116917,669899365.69,2,0.2045,1,-0.8114,0
2026-04-21,sh.600000,9.33879486,9.42473469,9.2624039,9.28150164,9.33879486,72849013,711082179.67,2,0.2187,1,-0.6135,0
2026-04-22,sh.600000,9.27195277,9.29105051,9.15736633,9.17646407,9.28150164,68590467,659873551.29,2,0.2059,1,-1.1317,0
2026-04-23,sh.600000,9.1669152,9.21465955,9.08097537,9.10962198,9.17646407,80624665,770932635.6,2,0.2421,1,-0.7284,0
2026-04-24,sh.600000,9.10007311,9.18601294,9.00458441,9.02368215,9.10962198,84859017,806720095.56,2,0.2548,1,-0.9434,0
2026-04-27,sh.600000,9.01413328,9.0714265,8.91864458,8.93774232,9.02368215,87281494,821384138.72,2,0.2621,1,-0.9524,0
2026-04-28,sh.600000,8.91864458,8.95684006,8.83270475,8.94729119,8.93774232,59454959,554217503.44,2,0.1785,1,0.1068,0
2026-04-29,sh.600000,8.93774232,8.96638893,8.89954684,8.95684006,8.94729119,61495033,575654686.79,2,0.1846,1,0.1067,0
2026-04-30,sh.600000,8.93774232,8.94729119,8.83270475,8.85180249,8.95684006,78438804,728939936.37,2,0.2355,1,-1.1727,0
2026-05-06,sh.600000,8.85180249,8.87090023,8.74676492,8.76586266,8.85180249,87935791,808632515.19,2,0.264,1,-0.9709,0
2026-05-07,sh.600000,8.76586266,8.7849604,8.67992283,8.67992283,8.76586266,71972489,657929069.27,2,0.2161,1,-0.9804,0
2026-05-08,sh.600000,8.67037396,8.71811831,8.64172735,8.66082509,8.67992283,89269033,811024242.36,2,0.268,1,-0.22,0
2026-05-11,sh.600000,8.66082509,8.67992283,8.62262961,8.67992283,8.66082509,130287213,1181564052.2,2,0.3912,1,0.2205,0
2026-05-12,sh.600000,8.67037396,8.69902057,8.61308074,8.62262961,8.67992283,77713958,703348398.81,2,0.2333,1,-0.6601,0
2026-05-13,sh.600000,8.63217848,8.66082509,8.60353187,8.62262961,8.62262961,84264336,760849229.6,2,0.253,1,0.0,0
2026-05-14,sh.600000,8.61308074,8.71811831,8.51759204,8.61308074,8.62262961,121425471,1094540193.02,2,0.3646,1,-0.1107,0
2026-05-15,sh.600000,8.593983,8.80405814,8.52714091,8.66082509,8.61308074,171982587,1559276665.8,2,0.5164,1,0.5543,0
2026-05-18,sh.600000,8.63217848,8.71811831,8.60353187,8.67037396,8.66082509,122357134,1109690085.11,2,0.3674,1,0.1103,0
2026-05-19,sh.600000,8.67037396,8.75631379,8.53668978,8.54623865,8.67037396,127456859,1151104562.15,2,0.3827,1,-1.4317,0
2026-05-20,sh.600000,8.52714091,8.56533639,8.45074995,8.53668978,8.54623865,94375264,843138802.99,2,0.2834,1,-0.1117,0
2026-05-21,sh.600000,8.53668978,8.55578752,8.45074995,8.46029882,8.53668978,82548797,736026564.87,2,0.2479,1,-0.8949,0
2026-05-22,sh.600000,8.47939656,8.62262961,8.35526125,8.55578752,8.46029882,99003358,883300246.96,2,0.2973,1,1.1287,0
2026-05-25,sh.600000,8.53668978,8.70856944,8.50804317,8.67037396,8.55578752,92598961,839416293.24,2,0.278,1,1.3393,0
2026-05-26,sh.600000,8.6894717,8.89954684,8.67992283,8.85180249,8.67037396,146437454,1356643849.95,2,0.4397,1,2.0925,0
2026-05-27,sh.600000,8.87090023,9.10962198,8.84225362,9.00458441,8.85180249,134548971,1269924759.01,2,0.404,1,1.726,0
2026-05-28,sh.600000,8.99503554,9.03323102,8.72766718,8.79450927,9.00458441,83665520,776320232.8,2,0.2512,1,-2.333,0
2026-05-29,sh.600000,8.76586266,8.95684006,8.71811831,8.94729119,8.79450927,93330300,869221255.93,2,0.2802,1,1.7372,0
2026-06-01,sh.600000,8.89954684,8.92819345,8.7849604,8.89954684,8.94729119,75072117,697403297.5,2,0.2254,1,-0.5336,0
